12/25/82,11,18,22,28,35,37
12/18/82,7,13,23,32,33,45
12/11/82,4,9,10,11,43,46
12/04/82,6,17,24,36,38,46
11/27/82,5,17,21,28,30,43
11/20/82,3,4,19,33,34,48
11/13/82,4,11,23,24,25,45
11/06/82,8,14,16,18,31,48
10/30/82,11,18,19,31,37,45
10/23/82,7,18,23,25,37,45
10/16/82,11,23,25,28,29,36
10/09/82,13,16,18,34,35,36
10/02/82,4,14,18,40,43,44
09/25/82,9,12,13,14,44,48
09/18/82,8,18,36,39,41,47
09/11/82,25,28,29,30,35,44
09/04/82,7,14,17,20,37,47
08/28/82,11,17,19,20,36,43
08/21/82,7,9,21,33,38,42
08/14/82,4,15,30,37,46,48
08/07/82,5,10,23,27,37,38
07/31/82,7,16,17,31,40,48
07/24/82,18,25,28,33,36,42
07/17/82,8,20,21,25,31,41
07/10/82,5,14,21,31,34,47
07/03/82,3,9,10,13,20,43
06/26/82,1,6,23,24,27,39
06/19/82,8,33,36,37,39,41
06/12/82,3,11,12,14,41,43
12/31/83,7,22,25,27,30,35
12/24/83,1,2,13,21,42,48
12/17/83,7,9,20,28,35,41
12/10/83,1,14,22,25,40,42
12/03/83,3,5,19,26,32,43
11/26/83,3,12,16,21,33,49
11/19/83,4,14,16,30,33,38
11/12/83,1,2,7,13,22,31
11/05/83,18,20,23,26,33,49
10/29/83,1,5,7,8,11,13
10/22/83,8,14,25,32,34,35
10/15/83,2,3,23,26,27,40
10/08/83,13,23,37,43,48,49
10/01/83,1,15,20,22,24,49
09/24/83,1,6,15,34,42,44
09/17/83,9,21,22,29,48,49
09/10/83,23,30,32,33,35,44
09/03/83,1,6,13,15,22,27
08/27/83,9,16,18,20,26,43
08/20/83,9,12,20,21,37,43
08/13/83,1,2,8,23,46,48
08/06/83,9,11,27,28,37,46
07/30/83,3,6,7,33,34,36
07/23/83,22,23,25,26,35,41
07/16/83,11,14,18,31,35,49
07/09/83,16,19,22,29,44,48
07/02/83,5,9,27,39,40,43
06/25/83,4,11,14,20,26,30
06/18/83,9,19,28,36,45,46
06/11/83,7,19,26,28,45,49
06/04/83,4,14,24,31,33,35
05/28/83,2,29,31,40,45,48
05/21/83,6,7,10,32,36,38
05/14/83,7,10,11,16,28,40
05/07/83,2,13,41,42,44,47
04/30/83,18,26,29,35,36,49
04/23/83,3,17,20,30,35,48
04/16/83,1,3,19,31,32,47
04/09/83,20,24,28,35,42,46
04/02/83,4,10,23,38,41,46
03/26/83,21,24,25,32,39,49
03/19/83,2,10,11,31,43,49
03/12/83,11,15,25,38,41,43
03/05/83,2,7,21,22,30,33
02/26/83,11,12,19,25,29,44
02/19/83,11,13,15,16,24,31
02/12/83,10,14,25,31,44,47
02/05/83,3,5,6,33,38,39
01/29/83,8,22,26,27,34,42
01/22/83,5,10,30,35,36,45
01/15/83,8,34,37,39,41,47
01/08/83,11,19,25,31,32,36
01/01/83,25,26,31,35,45,48
12/29/84,16,19,27,30,44,45
12/22/84,6,18,21,31,35,48
12/15/84,9,12,16,20,36,39
12/08/84,7,13,24,31,39,40
12/01/84,3,14,18,25,36,45
11/24/84,5,30,34,36,43,49
11/17/84,8,35,44,46,48,49
11/10/84,20,22,27,34,44,48
11/03/84,6,7,17,21,43,49
10/27/84,1,16,25,36,39,42
10/20/84,5,10,11,28,41,44
10/13/84,3,14,24,31,35,46
10/06/84,5,10,26,31,37,44
09/29/84,21,22,29,36,38,41
09/22/84,4,11,12,16,36,43
09/15/84,7,8,10,15,31,37
09/08/84,23,25,29,38,39,43
09/01/84,3,24,27,33,41,44
08/25/84,5,11,12,16,24,28
08/18/84,12,13,15,35,38,39
08/11/84,5,6,10,20,40,43
08/04/84,1,10,18,27,35,38
07/28/84,2,5,29,35,37,38
07/21/84,2,7,34,36,37,40
07/14/84,6,16,26,28,41,49
07/07/84,6,11,20,23,25,35
06/30/84,13,15,27,28,40,48
06/23/84,7,16,28,34,45,47
06/16/84,26,27,37,41,43,45
06/09/84,6,17,29,32,39,40
06/02/84,9,16,31,38,43,45
05/26/84,1,3,40,43,45,46
05/19/84,1,4,14,17,21,26
05/12/84,6,16,19,20,25,43
05/05/84,1,5,6,18,31,35
04/28/84,16,24,25,28,32,44
04/21/84,8,13,16,18,19,49
04/14/84,3,12,31,33,45,49
04/07/84,13,27,35,38,44,47
03/31/84,12,19,22,23,29,36
03/24/84,8,27,28,29,43,44
03/17/84,6,26,28,36,37,48
03/10/84,2,17,41,42,44,47
03/03/84,13,26,27,38,46,47
02/25/84,23,27,40,43,44,47
02/18/84,4,12,16,31,44,48
02/11/84,22,29,36,44,46,47
02/04/84,20,26,28,30,45,48
01/28/84,15,24,27,32,34,49
01/21/84,1,5,14,24,25,38
01/14/84,2,12,29,31,44,46
01/07/84,1,7,14,31,41,43
12/28/85,17,21,22,25,39,47
12/25/85,1,7,11,14,19,38
12/21/85,6,9,14,26,36,46
12/18/85,1,7,19,36,42,49
12/14/85,9,10,17,21,38,48
12/11/85,9,19,20,32,33,37
12/07/85,4,26,29,34,39,40
12/04/85,4,5,20,29,31,47
11/30/85,4,17,19,25,32,39
11/27/85,19,24,26,34,41,43
11/23/85,2,7,12,27,29,44
11/20/85,31,32,36,38,39,44
11/16/85,4,13,18,23,24,40
11/13/85,5,9,23,28,40,46
11/09/85,9,11,13,29,36,45
11/06/85,16,20,26,34,38,47
11/02/85,11,19,25,26,36,45
10/30/85,19,24,32,36,38,41
10/26/85,16,26,32,35,43,46
10/23/85,1,6,11,27,33,41
10/19/85,22,27,30,39,41,44
10/16/85,1,3,8,18,35,47
10/12/85,3,6,13,18,31,40
10/09/85,7,8,11,19,25,39
10/05/85,4,6,22,27,31,33
10/02/85,1,26,33,34,38,46
09/28/85,7,9,21,28,29,35
09/25/85,5,9,12,33,45,47
09/21/85,3,11,16,20,21,24
09/18/85,8,12,19,33,41,45
09/14/85,11,23,43,46,47,49
09/11/85,4,9,14,15,44,45
09/07/85,30,32,35,40,43,44
08/31/85,3,9,13,15,27,30
08/24/85,6,19,22,27,36,40
08/17/85,4,21,32,38,43,45
08/10/85,7,11,14,18,34,45
08/03/85,2,8,9,18,31,42
07/27/85,3,8,21,24,30,42
07/20/85,7,9,11,16,43,46
07/13/85,4,5,10,22,30,35
07/06/85,5,24,26,36,41,45
06/29/85,2,10,39,46,47,48
06/22/85,1,7,15,20,31,45
06/15/85,4,21,23,27,45,47
06/08/85,9,11,19,27,30,46
06/01/85,13,16,19,24,33,48
05/25/85,9,12,24,30,31,47
05/18/85,19,21,32,39,43,45
05/11/85,6,15,20,22,26,46
05/04/85,1,2,5,7,40,44
04/27/85,4,14,27,37,40,44
04/20/85,4,8,14,21,30,49
04/13/85,7,20,24,46,48,49
04/06/85,8,21,27,34,41,46
03/30/85,8,16,20,30,31,48
03/23/85,14,23,31,33,35,47
03/16/85,3,6,18,21,33,34
03/09/85,6,7,8,35,36,43
03/02/85,17,19,27,30,36,43
02/23/85,1,2,7,9,20,43
02/16/85,3,7,15,24,38,41
02/09/85,2,5,21,24,29,46
02/02/85,5,18,22,23,25,26
01/26/85,6,30,33,39,41,49
01/19/85,7,24,35,37,45,47
01/12/85,9,34,38,39,43,44
01/05/85,7,17,18,24,29,48
12/31/86,8,11,16,20,27,44
12/27/86,3,15,16,20,26,34
12/24/86,1,10,19,24,37,41
12/20/86,7,14,16,34,46,48
12/17/86,16,21,25,35,37,40
12/13/86,3,6,7,14,27,43
12/10/86,14,23,25,30,33,35
12/06/86,6,8,24,37,45,48
12/03/86,4,15,25,31,33,47
11/29/86,2,4,6,21,27,42
11/26/86,14,20,22,26,35,44
11/22/86,5,13,18,32,34,39
11/19/86,2,7,8,22,34,47
11/15/86,4,23,24,34,39,47
11/12/86,1,17,26,33,36,43
11/08/86,2,3,6,11,31,42
11/05/86,23,25,26,27,38,46
11/01/86,19,22,24,36,38,41
10/29/86,13,17,21,22,24,46
10/25/86,1,3,16,41,42,46
10/22/86,3,16,34,36,45,48
10/18/86,8,29,32,39,43,45
10/15/86,10,21,24,25,39,49
10/11/86,7,12,26,33,37,48
10/08/86,3,17,20,22,24,49
10/04/86,8,14,16,24,26,38
10/01/86,2,17,24,30,34,39
09/27/86,4,5,11,19,34,38
09/24/86,2,12,38,40,42,48
09/20/86,8,9,11,15,19,25
09/17/86,9,21,30,32,39,41
09/13/86,10,14,16,43,44,49
09/10/86,3,13,18,22,42,43
09/06/86,8,9,19,35,39,48
09/03/86,20,27,41,44,47,49
08/30/86,4,11,25,32,45,46
08/27/86,7,11,18,33,38,40
08/23/86,1,4,19,31,45,47
08/20/86,6,7,9,21,38,43
08/16/86,14,25,35,40,41,43
08/13/86,4,5,34,35,40,43
08/09/86,5,8,14,21,33,34
08/06/86,1,5,7,10,23,40
08/02/86,8,14,21,24,38,47
07/30/86,3,26,39,44,48,49
07/26/86,3,14,29,34,46,49
07/23/86,3,13,17,24,32,35
07/19/86,7,25,28,32,37,43
07/16/86,7,17,29,31,38,47
07/12/86,7,17,20,30,33,43
07/09/86,16,24,25,36,44,45
07/05/86,7,10,12,32,44,48
07/02/86,5,16,18,31,46,49
06/28/86,1,4,20,33,34,37
06/25/86,1,5,15,33,35,47
06/21/86,1,8,10,34,42,45
06/18/86,2,14,18,28,32,43
06/14/86,3,21,29,37,40,47
06/11/86,5,14,24,27,36,43
06/07/86,3,16,21,41,45,46
06/04/86,3,4,5,14,17,31
05/31/86,8,16,17,37,40,41
05/28/86,3,18,21,31,34,37
05/24/86,2,21,26,28,41,49
05/21/86,20,25,36,39,43,45
05/17/86,1,25,34,41,44,49
05/14/86,8,16,19,26,33,45
05/10/86,4,10,17,26,39,47
05/07/86,9,16,22,40,42,47
05/03/86,12,18,30,38,39,47
04/30/86,2,9,13,18,20,29
04/26/86,8,10,24,27,35,43
04/23/86,4,5,7,25,38,42
04/19/86,7,17,26,28,42,48
04/16/86,9,28,29,32,41,49
04/12/86,17,18,23,32,36,39
04/09/86,5,19,22,30,39,45
04/05/86,18,29,32,34,35,46
04/02/86,5,10,17,21,31,36
03/29/86,15,22,28,29,42,46
03/26/86,2,4,25,28,38,46
03/22/86,5,8,17,20,21,42
03/19/86,19,25,34,40,42,46
03/15/86,8,9,34,41,44,47
03/12/86,9,10,20,22,41,42
03/08/86,7,24,28,31,37,43
03/05/86,1,7,17,28,41,45
03/01/86,7,12,13,14,35,43
02/26/86,11,15,26,33,40,49
02/22/86,9,16,19,25,34,36
02/19/86,5,17,23,35,45,48
02/15/86,20,22,30,43,46,48
02/12/86,1,12,15,19,22,30
02/08/86,2,5,7,36,38,42
02/05/86,6,26,29,31,32,41
02/01/86,4,5,9,19,29,31
01/29/86,3,9,11,37,45,46
01/25/86,24,26,29,40,44,46
01/22/86,2,19,26,27,44,47
01/18/86,11,17,23,26,30,34
01/15/86,1,10,13,19,25,33
01/11/86,4,12,21,40,42,45
01/08/86,9,10,12,18,32,48
01/04/86,6,20,23,29,32,37
01/01/86,3,6,18,31,38,49
12/30/87,1,13,17,18,45,48
12/26/87,1,17,26,37,39,49
12/23/87,16,29,30,39,43,44
12/19/87,12,13,18,22,32,33
12/16/87,12,25,37,41,42,48
12/12/87,2,9,11,31,37,40
12/09/87,20,29,33,39,41,48
12/05/87,1,5,25,30,31,48
12/02/87,15,22,30,35,37,49
11/28/87,4,8,9,24,43,47
11/25/87,13,26,33,45,46,49
11/21/87,1,7,11,12,29,39
11/18/87,18,36,40,43,45,49
11/14/87,1,13,19,32,33,38
11/11/87,10,17,18,37,39,43
11/07/87,6,16,26,30,32,43
11/04/87,3,4,7,8,16,34
10/31/87,9,16,17,24,35,41
10/28/87,7,18,27,30,39,40
10/24/87,3,24,25,38,39,44
10/21/87,1,3,5,14,27,44
10/17/87,4,14,15,23,40,49
10/14/87,16,20,25,32,33,42
10/10/87,8,9,17,28,33,36
10/07/87,3,4,6,13,14,48
10/03/87,14,18,23,25,28,30
09/30/87,4,9,10,11,28,30
09/26/87,21,22,28,36,41,49
09/23/87,4,8,10,16,22,41
09/19/87,3,7,21,24,29,48
09/16/87,3,4,6,15,35,40
09/12/87,4,22,23,28,29,36
09/09/87,15,23,35,38,46,47
09/05/87,8,11,15,31,32,33
09/02/87,11,13,17,20,45,49
08/29/87,1,15,16,26,29,37
08/26/87,3,8,28,32,36,48
08/22/87,19,23,27,28,35,49
08/19/87,4,17,19,30,41,44
08/15/87,10,14,21,31,34,49
08/12/87,1,4,13,16,30,31
08/08/87,14,18,26,39,41,49
08/05/87,17,29,32,41,42,43
08/01/87,1,4,20,28,44,47
07/29/87,10,26,31,36,39,46
07/25/87,2,11,22,23,32,40
07/22/87,1,8,26,32,43,49
07/18/87,3,8,40,46,47,48
07/15/87,4,17,29,38,39,45
07/11/87,10,24,28,33,38,46
07/08/87,5,13,14,18,37,40
07/04/87,4,19,26,32,44,46
07/01/87,3,12,15,18,21,33
06/27/87,1,15,31,32,37,42
06/24/87,3,15,40,41,43,47
06/20/87,5,20,22,25,36,48
06/17/87,10,17,24,34,37,41
06/13/87,8,16,29,32,40,46
06/10/87,6,8,15,17,20,23
06/06/87,4,10,19,32,39,41
06/03/87,4,7,11,35,40,41
05/30/87,3,12,18,22,31,36
05/27/87,16,18,21,23,34,38
05/23/87,1,27,34,40,41,44
05/20/87,6,8,10,18,22,45
05/16/87,1,9,16,17,38,42
05/13/87,1,5,21,36,44,45
05/09/87,3,9,32,38,40,47
05/06/87,5,16,19,25,46,48
05/02/87,9,11,15,21,32,42
04/29/87,5,7,10,20,37,38
04/25/87,1,27,29,34,42,48
04/22/87,27,31,33,34,39,46
04/18/87,9,10,11,21,28,37
04/15/87,15,26,29,34,46,47
04/11/87,18,25,27,28,40,46
04/08/87,14,16,18,29,31,35
04/04/87,2,8,29,32,40,47
04/01/87,4,28,38,39,43,45
03/28/87,13,16,40,41,47,48
03/25/87,3,5,6,11,20,44
03/21/87,1,15,22,38,42,45
03/18/87,2,18,22,30,31,33
03/14/87,2,4,12,30,35,46
03/11/87,1,21,24,27,30,37
03/07/87,11,16,22,25,34,37
03/04/87,6,17,24,26,31,32
02/28/87,2,11,16,23,29,45
02/25/87,2,5,24,25,36,46
02/21/87,9,16,21,27,40,44
02/18/87,2,10,20,26,35,48
02/14/87,12,15,16,25,29,37
02/11/87,11,12,29,33,43,46
02/07/87,14,15,16,31,32,39
02/04/87,2,15,21,42,47,49
01/31/87,6,12,15,24,36,49
01/28/87,15,18,27,44,46,47
01/24/87,12,16,20,27,41,42
01/21/87,2,11,19,34,42,44
01/17/87,7,15,16,18,31,44
01/14/87,4,21,23,33,34,36
01/10/87,7,9,17,18,26,35
01/07/87,1,3,29,35,37,47
01/03/87,3,11,16,23,47,49
12/31/88,3,25,28,29,35,47
12/28/88,1,8,17,20,32,44
12/24/88,23,31,34,45,47,48
12/21/88,3,10,20,30,44,49
12/17/88,4,15,19,20,36,48
12/14/88,6,23,24,26,33,36
12/10/88,8,16,22,31,32,39
12/07/88,4,17,22,28,30,47
12/03/88,1,14,15,30,37,49
11/30/88,4,20,33,47,48,49
11/26/88,2,18,23,35,37,42
11/23/88,22,33,38,39,44,49
11/19/88,4,5,24,25,36,39
11/16/88,1,18,19,31,45,49
11/12/88,13,15,24,28,41,46
11/09/88,4,6,15,32,34,35
11/05/88,16,31,40,42,45,49
11/02/88,3,7,23,28,31,49
10/29/88,1,24,32,36,48,49
10/26/88,13,16,17,19,35,45
10/22/88,2,3,8,24,32,48
10/19/88,8,12,16,20,21,44
10/15/88,2,13,27,29,35,38
10/12/88,1,7,9,21,46,47
10/08/88,7,23,27,29,44,49
10/05/88,3,12,14,29,31,33
10/01/88,6,20,35,42,47,49
09/28/88,2,4,6,11,42,44
09/24/88,3,7,18,21,41,44
09/21/88,8,9,10,18,30,39
09/17/88,2,4,15,24,28,41
09/14/88,10,27,30,33,36,48
09/10/88,4,16,17,18,22,44
09/07/88,2,5,13,23,35,45
09/03/88,6,20,22,27,32,41
08/31/88,6,31,34,37,39,48
08/27/88,17,20,23,27,36,47
08/24/88,5,8,16,32,34,43
08/20/88,6,19,33,35,43,44
08/17/88,5,32,34,40,45,47
08/13/88,11,24,35,45,46,48
08/10/88,7,15,17,29,40,47
08/06/88,5,28,29,32,43,45
08/03/88,1,3,20,22,30,44
07/30/88,2,7,10,14,23,42
07/27/88,1,4,31,33,36,39
07/23/88,12,14,20,33,38,43
07/20/88,9,13,19,23,34,40
07/16/88,1,8,13,28,31,44
07/13/88,8,9,15,22,25,31
07/09/88,8,10,25,31,43,47
07/06/88,6,13,19,22,25,27
07/02/88,26,32,33,35,38,44
06/29/88,6,10,26,39,41,47
06/25/88,8,22,28,31,32,38
06/22/88,2,18,24,25,27,30
06/18/88,3,5,14,30,35,40
06/15/88,5,9,15,21,27,47
06/11/88,3,8,16,22,27,44
06/08/88,2,6,22,27,34,37
06/04/88,15,19,28,32,35,42
06/01/88,2,20,24,34,43,49
05/28/88,2,5,28,31,42,45
05/25/88,2,13,28,40,41,43
05/21/88,3,7,15,19,31,34
05/18/88,4,5,6,13,24,31
05/14/88,2,6,20,34,39,44
05/11/88,12,14,17,21,23,29
05/07/88,1,14,27,37,39,42
05/04/88,2,5,9,23,38,43
04/30/88,1,12,20,23,31,49
04/27/88,17,33,38,39,46,49
04/23/88,5,14,18,24,42,49
04/20/88,1,2,7,11,34,43
04/16/88,18,21,30,39,40,49
04/13/88,9,17,19,28,40,46
04/09/88,6,12,18,24,32,35
04/06/88,10,19,24,31,39,47
04/02/88,6,10,21,30,36,49
03/30/88,9,12,19,35,36,44
03/26/88,27,30,31,33,38,42
03/23/88,3,8,29,31,43,48
03/19/88,10,28,31,34,39,47
03/16/88,1,16,19,35,39,40
03/12/88,1,26,36,42,44,46
03/09/88,4,10,18,19,37,40
03/05/88,11,13,14,24,40,48
03/02/88,8,10,26,34,42,44
02/27/88,3,4,16,18,25,43
02/24/88,7,10,15,20,27,29
02/20/88,10,18,27,28,42,48
02/17/88,5,14,23,27,36,37
02/13/88,10,11,12,24,25,36
02/10/88,8,18,33,37,40,42
02/06/88,4,7,8,12,42,43
02/03/88,5,29,30,33,41,49
01/30/88,5,18,21,25,44,47
01/27/88,2,4,23,36,44,49
01/23/88,3,12,19,35,47,49
01/20/88,3,8,12,23,30,43
01/16/88,8,27,29,36,37,39
01/13/88,7,19,29,38,43,45
01/09/88,16,17,23,28,32,45
01/06/88,8,13,22,23,26,47
01/02/88,17,20,31,38,39,49
12/30/89,11,12,26,27,29,34
12/27/89,7,26,28,34,38,47
12/23/89,3,5,10,36,42,45
12/20/89,4,11,17,20,25,49
12/16/89,1,7,15,18,27,40
12/13/89,2,9,22,25,47,49
12/09/89,10,16,31,42,47,49
12/06/89,20,24,32,36,41,43
12/02/89,5,8,25,42,43,45
11/29/89,2,14,37,42,44,48
11/25/89,5,7,19,24,37,41
11/22/89,6,7,18,21,24,32
11/18/89,17,20,34,39,41,49
11/15/89,2,20,27,29,41,43
11/11/89,9,16,18,25,37,47
11/08/89,9,17,28,36,44,46
11/04/89,4,17,26,33,43,49
11/01/89,14,16,20,22,34,42
10/28/89,1,14,28,36,47,49
10/25/89,4,21,24,32,34,47
10/21/89,20,26,29,33,40,45
10/18/89,1,24,28,40,46,49
10/14/89,1,17,20,37,42,44
10/11/89,1,4,26,27,35,45
10/07/89,2,7,12,15,18,48
10/04/89,7,9,10,40,44,48
09/30/89,5,20,26,39,45,46
09/27/89,1,16,20,21,25,33
09/23/89,3,6,7,19,27,32
09/20/89,1,13,21,31,36,48
09/16/89,4,6,11,17,27,44
09/13/89,3,7,15,17,41,43
09/09/89,18,22,39,40,43,47
09/06/89,13,15,18,37,42,49
09/02/89,1,14,27,42,46,49
08/30/89,11,20,25,30,34,38
08/26/89,4,12,14,32,44,45
08/23/89,5,9,15,17,29,35
08/19/89,6,7,18,27,32,39
08/16/89,9,12,13,32,34,35
08/12/89,3,4,13,21,22,46
08/09/89,13,22,24,34,37,44
08/05/89,3,14,21,28,30,45
08/02/89,5,13,19,26,37,38
07/29/89,8,12,34,38,43,46
07/26/89,1,5,6,9,22,44
07/22/89,9,15,21,34,45,46
07/19/89,14,20,25,33,35,48
07/15/89,12,13,19,20,39,42
07/12/89,1,8,15,25,31,41
07/08/89,10,13,18,28,31,42
07/05/89,1,2,7,14,41,49
07/01/89,3,5,15,16,17,31
06/28/89,2,4,13,16,17,40
06/24/89,6,10,18,26,27,41
06/21/89,1,5,21,29,37,42
06/17/89,18,23,24,25,31,32
06/14/89,6,13,24,30,32,33
06/10/89,10,12,17,33,36,40
06/07/89,14,26,29,33,35,37
06/03/89,2,10,16,27,38,47
05/31/89,1,12,34,42,44,45
05/27/89,1,18,20,26,31,39
05/24/89,4,13,16,32,35,40
05/20/89,6,14,17,19,28,30
05/17/89,12,22,25,32,38,40
05/13/89,10,18,24,32,44,47
05/10/89,18,19,22,36,41,42
05/06/89,4,9,23,25,30,35
05/03/89,7,9,13,26,28,34
04/29/89,2,20,23,25,27,46
04/26/89,4,16,19,23,34,41
04/22/89,3,17,18,28,34,49
04/19/89,6,8,10,37,42,46
04/15/89,5,7,26,28,32,37
04/12/89,10,28,30,37,40,44
04/08/89,5,13,19,27,41,45
04/05/89,18,25,29,32,34,44
04/01/89,2,10,37,40,42,44
03/29/89,1,9,25,34,35,42
03/25/89,9,17,18,32,34,42
03/22/89,6,8,15,32,44,49
03/18/89,6,17,30,34,41,48
03/15/89,7,10,15,18,19,23
03/11/89,1,8,14,19,27,31
03/08/89,13,21,30,37,43,46
03/04/89,8,15,22,36,41,42
03/01/89,11,18,23,33,47,49
02/25/89,4,11,27,31,36,49
02/22/89,2,6,14,28,44,47
02/18/89,2,18,31,33,35,37
02/15/89,1,30,36,37,38,40
02/11/89,6,9,11,17,20,27
02/08/89,8,10,11,27,31,43
02/04/89,6,19,22,28,32,38
02/01/89,1,4,11,16,23,33
01/28/89,3,7,19,23,26,35
01/25/89,7,9,11,24,31,49
01/21/89,10,25,29,31,39,49
01/18/89,6,9,14,16,19,28
01/14/89,14,21,34,40,44,47
01/11/89,11,17,20,31,33,35
01/07/89,4,14,28,32,33,44
01/04/89,1,13,14,45,46,48
12/29/90,7,25,28,37,44,48
12/26/90,16,19,25,32,38,47
12/22/90,2,3,13,26,36,38
12/19/90,20,27,34,39,42,47
12/15/90,21,26,29,33,35,43
12/12/90,5,9,23,27,28,39
12/08/90,1,19,21,23,24,46
12/05/90,10,17,22,26,34,45
12/01/90,3,5,14,26,34,41
11/28/90,12,21,28,34,38,39
11/24/90,3,5,13,14,31,40
11/21/90,6,10,20,30,31,39
11/17/90,4,16,24,28,35,46
11/14/90,21,26,29,31,46,47
11/10/90,5,10,19,29,35,42
11/07/90,19,30,32,39,42,49
11/03/90,1,11,16,27,32,49
10/31/90,3,10,14,16,17,39
10/27/90,3,16,18,24,31,44
10/24/90,1,9,14,20,43,48
10/20/90,6,14,15,19,26,28
10/17/90,9,13,14,33,39,40
10/13/90,1,6,8,30,32,44
10/10/90,10,14,34,37,40,49
10/06/90,17,18,32,34,39,46
10/03/90,17,20,36,40,43,47
09/29/90,6,9,12,33,34,48
09/26/90,4,5,7,18,33,42
09/22/90,8,9,17,22,43,45
09/19/90,7,8,10,20,31,49
09/15/90,9,22,30,39,42,45
09/12/90,14,23,29,35,39,47
09/08/90,17,18,21,37,38,39
09/05/90,7,12,37,38,40,46
09/01/90,4,10,17,20,24,39
08/29/90,1,10,16,25,43,48
08/25/90,14,20,25,43,44,46
08/22/90,2,7,12,17,19,23
08/18/90,13,19,41,44,46,48
08/15/90,17,19,20,31,40,44
08/11/90,1,6,21,27,43,49
08/08/90,11,23,29,30,44,49
08/04/90,13,22,26,40,46,49
08/01/90,2,8,13,23,27,44
07/28/90,10,16,26,34,37,43
07/25/90,2,16,28,39,41,46
07/21/90,9,27,28,36,37,46
07/18/90,10,12,18,39,43,49
07/14/90,5,17,27,31,33,48
07/11/90,13,15,16,24,38,40
07/07/90,11,14,15,25,38,42
07/04/90,2,8,11,25,45,47
06/30/90,9,17,21,28,29,30
06/27/90,5,7,12,17,26,47
06/23/90,22,27,32,37,42,47
06/20/90,13,14,19,20,29,47
06/16/90,12,24,35,42,45,47
06/13/90,7,10,37,45,46,47
06/09/90,8,13,25,30,38,39
06/06/90,2,9,16,22,34,40
06/02/90,1,3,30,36,42,43
05/30/90,7,11,17,28,38,42
05/26/90,4,8,9,39,40,46
05/23/90,3,4,13,25,29,41
05/19/90,5,7,20,26,31,36
05/16/90,3,22,23,31,33,47
05/12/90,5,19,21,34,43,49
05/09/90,7,15,16,26,29,47
05/05/90,2,3,7,22,38,48
05/02/90,2,5,11,27,31,43
04/28/90,12,20,22,28,36,43
04/25/90,27,29,30,33,44,45
04/21/90,1,4,8,27,34,40
04/18/90,9,22,24,27,36,46
04/14/90,11,24,39,41,43,45
04/11/90,6,13,31,35,38,40
04/07/90,13,25,38,40,42,47
04/04/90,7,10,31,37,46,49
03/31/90,6,23,25,31,39,41
03/28/90,2,19,20,26,32,37
03/24/90,5,31,33,34,36,38
03/21/90,7,17,34,38,45,46
03/17/90,11,17,28,35,38,40
03/14/90,2,11,30,34,38,44
03/10/90,4,9,22,27,42,45
03/07/90,1,3,14,33,37,49
03/03/90,3,13,28,31,40,44
02/28/90,10,16,32,35,36,42
02/24/90,1,23,26,37,43,49
02/21/90,13,16,21,26,35,46
02/17/90,17,18,21,22,23,45
02/14/90,11,14,25,28,44,47
02/10/90,15,21,24,27,42,47
02/07/90,11,12,28,30,39,48
02/03/90,7,8,11,16,41,47
01/31/90,1,10,11,15,22,29
01/27/90,1,5,6,10,33,49
01/24/90,19,21,24,29,46,48
01/20/90,15,24,36,41,42,46
01/17/90,3,22,27,46,48,49
01/13/90,12,18,22,33,35,44
01/10/90,2,5,33,35,47,49
01/06/90,5,6,21,22,31,33
01/03/90,2,14,40,41,43,46
12/28/91,22,32,35,39,44,46
12/25/91,2,11,25,34,46,49
12/21/91,19,21,22,23,37,45
12/18/91,17,19,28,35,36,42
12/14/91,17,18,20,29,31,43
12/11/91,19,21,32,35,38,47
12/07/91,5,6,33,41,44,49
12/04/91,6,12,23,30,34,43
11/30/91,14,15,24,36,45,46
11/27/91,1,3,4,23,36,38
11/23/91,15,38,43,45,48,49
11/20/91,7,11,13,36,43,44
11/16/91,4,6,20,26,31,33
11/13/91,7,9,17,21,39,49
11/09/91,7,13,17,19,23,39
11/06/91,5,17,25,26,41,42
11/02/91,6,15,35,42,47,48
10/30/91,2,3,18,30,34,40
10/26/91,7,24,32,33,34,35
10/23/91,13,21,27,46,47,48
10/19/91,12,25,36,37,40,42
10/16/91,4,8,10,13,29,43
10/12/91,17,34,39,41,43,47
10/09/91,5,8,17,32,43,44
10/05/91,1,18,36,40,44,47
10/02/91,31,36,40,43,48,49
09/28/91,1,3,24,27,43,45
09/25/91,10,17,23,29,30,43
09/21/91,1,2,7,9,21,42
09/18/91,4,5,27,38,43,45
09/14/91,5,12,21,32,46,47
09/11/91,2,9,19,24,32,41
09/07/91,1,5,18,34,35,37
09/04/91,1,5,6,15,20,22
08/31/91,1,3,6,22,25,39
08/28/91,23,27,33,46,47,49
08/24/91,4,8,9,41,45,47
08/21/91,9,15,17,31,33,34
08/17/91,13,15,18,21,38,44
08/14/91,23,25,28,30,32,49
08/10/91,6,7,19,27,37,45
08/07/91,2,7,11,15,42,49
08/03/91,4,23,25,36,38,43
07/31/91,7,12,14,16,35,39
07/27/91,9,30,31,33,37,43
07/24/91,7,15,19,32,33,34
07/20/91,10,11,22,28,30,33
07/17/91,2,8,9,20,23,43
07/13/91,3,9,24,26,33,47
07/10/91,7,10,23,26,27,32
07/06/91,6,10,32,37,40,48
07/03/91,6,11,15,25,40,46
06/29/91,3,5,10,12,13,40
06/26/91,8,10,17,26,37,41
06/22/91,20,24,35,36,40,45
06/19/91,4,8,30,39,40,45
06/15/91,3,9,17,24,39,43
06/12/91,14,20,32,35,40,41
06/08/91,11,13,26,28,36,41
06/05/91,11,18,26,33,47,49
06/01/91,7,8,13,25,38,44
05/29/91,8,18,20,26,29,37
05/25/91,2,23,28,32,33,47
05/22/91,16,26,30,33,43,49
05/18/91,16,18,20,26,37,38
05/15/91,5,10,27,29,35,45
05/11/91,6,30,31,32,35,47
05/08/91,16,25,30,38,46,48
05/04/91,8,12,25,30,43,49
05/01/91,10,21,35,36,42,44
04/27/91,14,19,20,27,40,45
04/24/91,9,18,22,26,32,36
04/20/91,6,19,25,39,44,47
04/17/91,10,15,22,25,27,40
04/13/91,16,24,26,27,39,45
04/10/91,1,3,7,23,28,42
04/06/91,4,10,19,24,41,45
04/03/91,3,4,9,29,38,47
03/30/91,1,8,18,19,29,33
03/27/91,7,14,17,22,30,47
03/23/91,13,17,22,28,31,41
03/20/91,2,5,6,8,32,46
03/16/91,21,22,29,31,42,47
03/13/91,4,5,15,18,25,41
03/09/91,8,13,22,34,43,45
03/06/91,16,17,23,28,43,49
03/02/91,6,7,12,37,45,48
02/27/91,4,6,18,33,42,44
02/23/91,10,11,17,29,38,47
02/20/91,4,16,18,28,31,38
02/16/91,6,7,23,30,38,45
02/13/91,3,5,23,24,34,47
02/09/91,9,11,21,28,29,37
02/06/91,12,15,17,28,38,43
02/02/91,5,10,16,20,29,42
01/30/91,1,13,17,23,30,40
01/26/91,8,28,30,31,32,35
01/23/91,18,23,29,38,41,44
01/19/91,5,7,10,15,24,29
01/16/91,17,33,34,37,41,47
01/12/91,11,22,24,37,39,49
01/09/91,2,5,9,17,22,38
01/05/91,7,9,21,25,26,46
01/02/91,2,14,19,20,26,49
12/30/92,11,23,30,31,34,46
12/26/92,11,13,16,17,19,20
12/23/92,7,14,32,36,39,44
12/19/92,8,9,13,27,28,38
12/16/92,2,11,32,33,48,49
12/12/92,15,18,29,30,37,47
12/09/92,1,5,10,16,44,45
12/05/92,3,21,23,41,43,46
12/02/92,2,16,22,24,27,45
11/28/92,10,19,20,35,38,43
11/25/92,18,28,29,30,46,49
11/21/92,5,6,7,12,35,39
11/18/92,3,7,11,29,45,48
11/14/92,2,6,7,8,30,37
11/11/92,12,19,28,31,41,47
11/07/92,8,9,14,38,42,49
11/04/92,12,14,19,26,40,42
10/31/92,22,28,29,30,36,47
10/28/92,3,11,13,15,20,39
10/24/92,11,22,25,33,42,49
10/21/92,7,18,26,35,38,48
10/17/92,2,13,15,24,33,35
10/14/92,3,12,35,42,43,45
10/10/92,8,12,22,39,40,44
10/07/92,8,17,25,26,38,42
10/03/92,11,15,16,22,27,34
09/30/92,14,35,40,43,46,47
09/26/92,16,17,20,21,29,35
09/23/92,19,21,34,36,47,49
09/19/92,4,12,31,41,43,49
09/16/92,1,4,30,40,42,48
09/12/92,1,3,14,17,38,40
09/09/92,5,10,31,35,37,41
09/05/92,11,14,16,17,29,41
09/02/92,1,15,32,35,38,49
08/29/92,3,9,18,32,41,47
08/26/92,4,13,26,35,41,46
08/22/92,6,14,23,29,44,48
08/19/92,9,10,21,28,30,41
08/15/92,16,21,25,26,38,47
08/12/92,3,4,20,22,33,46
08/08/92,15,27,30,31,34,43
08/05/92,1,2,12,20,21,47
08/01/92,6,7,21,28,38,39
07/29/92,5,6,7,14,16,46
07/25/92,3,8,12,19,42,44
07/22/92,16,20,22,31,40,43
07/18/92,8,13,23,31,39,41
07/15/92,5,21,30,33,36,41
07/11/92,13,15,18,23,26,46
07/08/92,1,2,3,4,13,48
07/04/92,7,8,24,39,40,46
07/01/92,13,23,29,39,46,47
06/27/92,19,29,30,31,32,36
06/24/92,7,18,21,26,31,37
06/20/92,9,11,32,34,35,48
06/17/92,9,12,17,25,30,35
06/13/92,20,21,32,39,42,43
06/10/92,3,19,29,31,34,42
06/06/92,9,15,16,33,35,41
06/03/92,9,32,34,36,43,49
05/30/92,2,12,19,21,35,49
05/27/92,11,30,32,34,42,44
05/23/92,2,16,18,25,27,45
05/20/92,21,23,31,34,38,44
05/16/92,1,2,15,26,39,49
05/13/92,19,20,25,27,31,38
05/09/92,14,21,25,28,36,37
05/06/92,14,17,21,25,27,39
05/02/92,4,5,6,13,22,40
04/29/92,7,15,28,29,33,41
04/25/92,1,24,26,28,29,32
04/22/92,5,9,22,33,34,48
04/18/92,2,26,31,33,38,40
04/15/92,7,12,19,22,32,48
04/11/92,6,7,8,10,26,38
04/08/92,29,34,35,39,40,43
04/04/92,16,18,26,27,29,34
04/01/92,2,5,24,25,31,35
03/28/92,4,6,15,38,41,48
03/25/92,12,22,29,32,33,36
03/21/92,4,12,13,14,27,28
03/18/92,2,12,24,26,38,42
03/14/92,2,14,16,25,30,33
03/11/92,1,7,28,31,40,44
03/07/92,7,18,21,26,34,36
03/04/92,9,12,21,22,35,44
02/29/92,14,15,26,34,35,42
02/26/92,16,18,27,28,29,31
02/22/92,1,12,20,25,29,43
02/19/92,7,9,10,17,38,44
02/15/92,9,15,22,38,41,45
02/12/92,3,16,18,21,25,48
02/08/92,5,16,17,18,31,38
02/05/92,2,8,12,15,39,49
02/01/92,26,30,32,34,40,47
01/29/92,1,3,7,8,35,44
01/25/92,6,12,18,19,31,47
01/22/92,12,30,40,46,47,49
01/18/92,8,17,25,26,45,46
01/15/92,1,11,20,23,28,32
01/11/92,7,8,23,26,46,48
01/08/92,7,16,20,28,32,41
01/04/92,11,14,38,43,44,46
01/01/92,4,7,16,21,47,48
12/29/93,2,6,15,29,31,37
12/25/93,1,7,13,24,40,46
12/22/93,4,9,17,26,32,37
12/18/93,5,22,25,27,30,44
12/15/93,11,25,28,29,33,43
12/11/93,9,15,32,37,42,46
12/08/93,7,9,19,28,34,45
12/04/93,25,29,30,32,33,42
12/01/93,1,4,15,27,32,45
11/27/93,11,14,16,19,44,46
11/24/93,1,19,22,23,24,34
11/20/93,12,15,25,34,37,49
11/17/93,8,28,30,33,37,46
11/13/93,5,6,12,13,34,45
11/10/93,6,27,33,41,47,48
11/06/93,7,8,13,16,17,36
11/03/93,13,15,23,26,32,33
10/30/93,5,13,22,23,28,38
10/27/93,2,7,8,15,21,40
10/23/93,3,22,31,32,33,39
10/20/93,11,17,22,30,40,41
10/16/93,4,7,20,32,45,48
10/13/93,4,23,24,34,41,48
10/09/93,2,8,10,12,23,44
10/06/93,23,26,29,41,42,46
10/02/93,7,18,25,34,39,47
09/29/93,11,19,20,36,38,47
09/25/93,10,26,27,35,41,46
09/22/93,11,12,27,29,31,38
09/18/93,4,5,21,24,36,38
09/15/93,4,9,12,27,28,48
09/11/93,3,7,12,16,30,31
09/08/93,4,21,23,29,33,40
09/04/93,1,21,23,25,29,44
09/01/93,2,18,31,33,43,47
08/28/93,12,19,21,28,30,39
08/25/93,16,19,20,25,35,42
08/21/93,17,18,20,39,40,41
08/18/93,20,22,37,42,43,46
08/14/93,9,16,26,30,32,36
08/11/93,2,6,15,26,36,40
08/07/93,4,9,17,31,33,38
08/04/93,5,18,19,26,30,40
07/31/93,4,14,20,21,29,36
07/28/93,2,4,8,9,22,34
07/24/93,15,23,27,31,41,42
07/21/93,1,6,16,38,41,48
07/17/93,2,4,14,32,39,43
07/14/93,16,24,25,27,29,40
07/10/93,13,30,37,39,42,44
07/07/93,23,27,31,39,41,42
07/03/93,8,10,32,36,37,44
06/30/93,12,18,27,29,31,43
06/26/93,16,17,23,35,39,45
06/23/93,5,24,38,40,44,48
06/19/93,5,17,31,34,36,38
06/16/93,3,8,12,20,26,39
06/12/93,1,3,13,21,32,45
06/09/93,18,27,28,34,38,45
06/05/93,17,23,32,33,40,47
06/02/93,1,3,19,32,37,47
05/29/93,12,17,33,34,40,48
05/26/93,5,6,9,39,43,47
05/22/93,10,12,22,27,31,32
05/19/93,3,25,29,37,44,45
05/15/93,3,6,22,31,35,43
05/12/93,9,20,24,38,44,48
05/08/93,1,3,8,27,39,48
05/05/93,3,13,16,18,19,46
05/01/93,4,18,39,40,42,43
04/28/93,4,7,11,18,46,47
04/24/93,8,20,30,38,41,43
04/21/93,4,6,17,31,34,49
04/17/93,12,21,23,31,33,45
04/14/93,11,18,20,25,35,39
04/10/93,32,36,43,44,45,47
04/07/93,8,28,30,37,41,43
04/03/93,1,2,8,12,41,45
03/31/93,6,20,24,29,32,42
03/27/93,7,14,26,28,30,42
03/24/93,9,15,25,27,28,41
03/20/93,6,11,13,21,27,41
03/17/93,5,12,15,26,36,46
03/13/93,1,7,18,19,27,41
03/10/93,3,6,9,39,46,47
03/06/93,1,2,14,25,29,46
03/03/93,22,24,28,33,38,46
02/27/93,1,8,16,18,19,38
02/24/93,4,5,8,10,32,39
02/20/93,12,14,32,40,43,49
02/17/93,4,12,16,22,32,40
02/13/93,12,16,17,20,34,39
02/10/93,13,19,29,31,32,48
02/06/93,19,29,33,34,39,41
02/03/93,1,24,28,34,44,47
01/30/93,1,6,13,14,19,34
01/27/93,7,15,31,41,46,47
01/23/93,12,21,25,34,45,48
01/20/93,11,12,18,20,36,43
01/16/93,16,31,38,39,41,42
01/13/93,3,11,16,23,24,26
01/09/93,6,14,18,21,34,35
01/06/93,3,16,20,22,37,39
01/02/93,7,15,19,28,29,30
12/31/94,10,12,30,32,34,38
12/28/94,10,21,22,27,28,43
12/24/94,1,10,18,19,27,42
12/21/94,16,17,26,30,40,43
12/17/94,11,23,30,39,40,41
12/14/94,8,12,30,33,34,44
12/10/94,9,15,27,33,36,39
12/07/94,7,15,31,36,38,39
12/03/94,2,14,31,36,44,49
11/30/94,12,32,41,42,46,49
11/26/94,9,13,14,31,45,46
11/23/94,5,7,9,10,13,49
11/19/94,6,14,23,27,38,40
11/16/94,23,29,33,34,38,42
11/12/94,21,28,35,40,45,47
11/09/94,6,19,20,31,43,48
11/05/94,6,7,16,22,37,38
11/02/94,19,25,26,41,44,45
10/29/94,11,13,18,33,39,41
10/26/94,18,19,20,23,30,42
10/22/94,6,9,14,29,38,46
10/19/94,4,9,18,22,34,42
10/15/94,10,11,32,36,45,46
10/12/94,6,7,9,17,19,44
10/08/94,9,19,31,32,38,40
10/05/94,10,15,17,20,22,37
10/01/94,7,12,13,19,20,27
09/28/94,1,19,24,26,31,32
09/24/94,8,11,14,18,25,43
09/21/94,23,24,25,29,34,48
09/17/94,4,20,31,35,43,46
09/14/94,15,20,36,37,48,49
09/10/94,3,7,8,21,27,37
09/07/94,2,3,13,27,30,49
09/03/94,1,2,34,35,45,47
08/31/94,1,14,19,34,42,49
08/27/94,1,7,14,18,26,33
08/24/94,7,9,19,25,42,44
08/20/94,14,18,26,31,34,40
08/17/94,18,21,23,24,28,41
08/13/94,8,9,16,18,22,37
08/10/94,1,12,14,34,39,48
08/06/94,3,8,11,12,21,48
08/03/94,13,16,18,27,28,41
07/30/94,10,21,22,35,42,45
07/27/94,3,8,12,26,29,42
07/23/94,4,11,16,26,28,38
07/20/94,10,17,19,31,35,48
07/16/94,21,27,28,32,38,42
07/13/94,6,8,12,44,46,47
07/09/94,17,30,33,42,45,48
07/06/94,30,34,37,38,40,49
07/02/94,12,24,28,34,35,42
06/29/94,10,13,14,34,39,48
06/25/94,9,14,21,26,27,35
06/22/94,8,10,31,34,40,41
06/18/94,2,3,31,36,46,48
06/15/94,2,20,22,23,24,31
06/11/94,10,13,31,32,39,46
06/08/94,18,21,24,31,35,39
06/04/94,13,17,33,39,42,46
06/01/94,12,13,16,29,44,45
05/28/94,11,16,35,37,46,49
05/25/94,5,22,27,35,38,47
05/21/94,4,10,25,33,36,46
05/18/94,1,4,8,30,31,33
05/14/94,8,22,29,42,46,48
05/11/94,2,3,17,38,40,42
05/07/94,2,5,7,9,21,24
05/04/94,9,11,22,27,37,42
04/30/94,4,11,17,28,30,32
04/27/94,11,24,40,42,44,45
04/23/94,8,12,18,24,30,44
04/20/94,10,20,26,35,42,43
04/16/94,9,10,18,21,25,47
04/13/94,9,16,22,27,38,48
04/09/94,4,9,30,31,45,49
04/06/94,5,17,20,27,28,31
04/02/94,8,31,33,34,45,46
03/30/94,13,15,23,28,46,49
03/26/94,11,13,20,29,34,49
03/23/94,5,8,32,33,47,49
03/19/94,12,13,15,37,38,42
03/16/94,22,24,37,38,46,49
03/12/94,1,15,24,36,37,43
03/09/94,10,13,14,34,36,42
03/05/94,2,10,25,38,41,42
03/02/94,5,10,14,35,43,47
02/26/94,1,11,26,28,30,31
02/23/94,5,7,11,31,35,46
02/19/94,10,14,21,36,37,38
02/16/94,7,22,25,39,45,48
02/12/94,2,12,27,36,39,41
02/09/94,17,19,20,21,35,41
02/05/94,1,2,13,17,31,41
02/02/94,9,10,30,31,37,44
01/29/94,5,8,37,42,47,48
01/26/94,13,14,27,31,38,40
01/22/94,4,13,30,37,41,46
01/19/94,4,14,17,20,21,33
01/15/94,11,15,27,30,46,49
01/12/94,10,24,26,30,40,47
01/08/94,1,4,22,23,34,35
01/05/94,2,12,19,21,24,43
01/01/94,5,11,25,29,38,39
12/30/95,7,15,23,27,30,49
12/27/95,8,18,26,30,39,49
12/23/95,4,6,8,22,23,25
12/20/95,4,11,12,14,27,30
12/16/95,4,7,21,36,39,40
12/13/95,7,15,20,23,40,49
12/09/95,8,14,15,21,48,49
12/06/95,5,12,22,26,29,31
12/02/95,9,19,21,23,31,49
11/29/95,14,22,26,38,42,43
11/25/95,3,5,8,9,37,38
11/22/95,5,12,34,35,37,49
11/18/95,16,21,22,26,35,49
11/15/95,12,26,27,34,41,43
11/11/95,6,9,21,31,40,42
11/08/95,2,6,18,28,32,44
11/04/95,20,30,40,41,43,44
11/01/95,2,20,22,30,33,43
10/28/95,8,19,27,34,36,45
10/25/95,3,5,12,38,41,44
10/21/95,4,25,33,35,40,45
10/18/95,3,4,8,15,30,31
10/14/95,9,17,29,38,39,42
10/11/95,1,9,18,33,36,48
10/07/95,12,17,23,32,44,49
10/04/95,19,29,37,41,45,48
09/30/95,12,13,18,19,36,48
09/27/95,12,17,19,22,42,48
09/23/95,3,5,21,32,43,46
09/20/95,8,13,17,18,27,32
09/16/95,7,10,30,36,38,49
09/13/95,2,3,13,16,22,48
09/09/95,2,6,12,18,38,42
09/06/95,7,18,21,23,32,46
09/02/95,4,12,28,31,45,46
08/30/95,20,21,27,36,37,47
08/26/95,1,16,23,32,35,45
08/23/95,4,7,13,20,27,30
08/19/95,7,24,36,40,46,48
08/16/95,19,20,28,30,31,43
08/12/95,16,18,20,30,32,42
08/09/95,3,7,17,21,32,46
08/05/95,13,21,27,30,38,43
08/02/95,2,11,23,33,43,46
07/29/95,8,13,16,37,39,46
07/26/95,16,18,29,31,41,47
07/22/95,9,12,27,30,36,37
07/19/95,6,11,17,26,27,47
07/15/95,5,11,17,25,34,49
07/12/95,13,32,35,38,40,44
07/08/95,7,18,20,27,42,48
07/05/95,5,17,24,25,28,49
07/01/95,7,9,20,26,32,38
06/28/95,3,30,31,33,34,41
06/24/95,4,13,15,19,30,46
06/21/95,1,4,5,9,27,42
06/17/95,5,6,14,32,44,45
06/14/95,9,14,26,32,33,48
06/10/95,6,10,23,40,46,49
06/07/95,13,14,28,33,34,48
06/03/95,19,33,34,35,40,41
05/31/95,17,25,27,30,32,36
05/27/95,18,19,29,31,35,43
05/24/95,2,5,9,14,44,46
05/20/95,5,12,24,29,38,41
05/17/95,1,3,7,27,34,41
05/13/95,1,9,23,34,37,43
05/10/95,12,15,19,25,26,32
05/06/95,3,7,13,17,32,48
05/03/95,5,16,17,32,45,48
04/29/95,1,3,8,11,22,30
04/26/95,3,17,19,21,27,46
04/22/95,5,19,30,33,36,39
04/19/95,3,4,11,12,28,31
04/15/95,2,6,8,17,25,40
04/12/95,16,17,19,32,35,42
04/08/95,4,8,36,41,45,46
04/05/95,6,15,23,24,34,42
04/01/95,18,20,21,30,34,46
03/29/95,2,4,6,26,27,44
03/25/95,17,18,34,41,43,48
03/22/95,3,9,16,19,32,47
03/18/95,5,8,24,32,47,48
03/15/95,1,8,22,34,38,43
03/11/95,10,31,32,35,38,46
03/08/95,9,13,24,28,30,44
03/04/95,6,10,12,39,41,49
03/01/95,1,19,20,36,46,49
02/25/95,6,9,13,31,35,47
02/22/95,15,16,19,30,35,39
02/18/95,6,19,27,33,43,47
02/15/95,6,15,28,38,43,47
02/11/95,6,17,23,28,35,47
02/08/95,16,18,21,22,27,47
02/04/95,2,22,25,26,32,46
02/01/95,10,32,35,37,39,47
01/28/95,2,7,8,20,28,34
01/25/95,7,8,31,35,37,41
01/21/95,6,9,13,23,26,41
01/18/95,3,8,15,18,26,34
01/14/95,15,25,30,33,45,46
01/11/95,3,5,10,28,41,47
01/07/95,5,7,11,30,43,49
01/04/95,21,22,24,31,33,34
12/28/96,8,21,22,31,33,45
12/25/96,13,17,27,31,40,42
12/21/96,9,12,23,33,41,47
12/18/96,7,8,12,18,23,36
12/14/96,14,15,32,38,40,46
12/11/96,1,3,6,11,27,47
12/07/96,2,6,27,35,41,42
12/04/96,9,17,29,32,41,42
11/30/96,4,13,21,23,30,40
11/27/96,4,9,21,26,48,49
11/23/96,3,5,6,8,14,48
11/20/96,4,8,23,26,30,46
11/16/96,2,12,21,34,41,43
11/13/96,2,7,9,31,44,46
11/09/96,7,21,25,31,42,47
11/06/96,4,7,36,39,47,48
11/02/96,10,16,17,23,36,48
10/30/96,14,19,21,25,34,48
10/26/96,1,8,9,14,37,45
10/23/96,4,5,10,21,24,44
10/19/96,5,13,19,31,40,43
10/16/96,6,13,14,15,20,42
10/12/96,8,20,38,40,42,44
10/09/96,15,16,19,27,31,39
10/05/96,5,22,30,31,37,38
10/02/96,7,18,21,29,36,37
09/28/96,20,30,32,39,41,42
09/25/96,7,21,32,33,38,42
09/21/96,2,3,13,17,23,42
09/18/96,13,26,30,38,43,46
09/14/96,1,15,27,29,35,47
09/11/96,12,14,20,21,39,43
09/07/96,11,14,15,21,30,32
09/04/96,1,14,17,24,41,42
08/31/96,1,5,8,14,38,45
08/28/96,7,13,24,39,41,49
08/24/96,12,28,32,43,47,48
08/21/96,18,25,26,31,34,42
08/17/96,1,19,24,33,44,45
08/14/96,2,8,12,24,34,39
08/10/96,4,14,15,19,23,38
08/07/96,2,21,25,30,35,41
08/03/96,5,12,31,33,39,49
07/31/96,4,13,21,23,37,38
07/27/96,21,26,27,34,40,48
07/24/96,8,12,19,25,27,40
07/20/96,3,5,8,37,38,46
07/17/96,1,8,10,15,40,41
07/13/96,1,2,10,24,29,39
07/10/96,11,20,21,26,39,43
07/06/96,7,13,21,22,33,38
07/03/96,16,18,19,23,32,33
06/29/96,8,9,14,27,40,49
06/26/96,8,15,23,39,40,45
06/22/96,3,28,36,37,43,47
06/19/96,23,32,34,37,42,43
06/15/96,7,20,23,27,38,41
06/12/96,1,14,20,25,27,31
06/08/96,5,15,40,41,45,49
06/05/96,19,20,38,39,44,45
06/01/96,2,3,9,16,27,43
05/29/96,3,9,29,31,44,49
05/25/96,11,12,20,21,39,45
05/22/96,1,12,18,23,47,49
05/18/96,16,39,40,44,48,49
05/15/96,12,14,16,41,45,48
05/11/96,13,18,21,31,38,44
05/08/96,4,20,23,26,32,46
05/04/96,27,38,39,43,44,49
05/01/96,30,32,39,40,42,44
04/27/96,10,23,38,42,44,49
04/24/96,11,12,13,14,39,47
04/20/96,1,16,17,30,44,49
04/17/96,1,15,20,34,36,39
04/13/96,3,15,21,30,34,47
04/10/96,11,16,18,27,42,43
04/06/96,5,7,21,34,38,45
04/03/96,23,30,35,44,46,48
03/30/96,4,22,25,44,46,48
03/27/96,20,21,30,39,41,47
03/23/96,9,15,26,40,43,48
03/20/96,3,6,10,15,42,47
03/16/96,12,17,19,23,24,40
03/13/96,3,8,13,21,32,49
03/09/96,4,7,10,13,39,46
03/06/96,2,9,17,25,30,40
03/02/96,2,3,24,25,43,45
02/28/96,1,3,7,25,33,34
02/24/96,8,13,24,28,32,41
02/21/96,8,34,38,43,46,47
02/17/96,4,7,15,34,37,41
02/14/96,9,13,20,30,34,36
02/10/96,13,24,27,31,46,48
02/07/96,28,32,34,41,45,48
02/03/96,17,31,36,38,45,49
01/31/96,4,9,13,22,24,30
01/27/96,8,13,26,28,34,37
01/24/96,1,3,5,16,20,26
01/20/96,6,19,28,35,38,42
01/17/96,1,9,27,33,37,41
01/13/96,3,5,11,19,29,40
01/10/96,1,12,27,28,41,44
01/06/96,2,5,9,18,34,41
01/03/96,1,10,16,24,39,48
12/31/97,10,13,29,30,37,41
12/27/97,6,12,24,29,34,45
12/24/97,29,32,33,46,47,48
12/20/97,7,13,18,26,27,47
12/17/97,2,5,9,10,22,35
12/13/97,2,16,22,23,36,45
12/10/97,3,17,19,29,37,42
12/06/97,5,6,18,23,28,47
12/03/97,5,20,34,38,39,47
11/29/97,3,4,5,9,14,18
11/26/97,7,10,12,15,23,47
11/22/97,10,15,25,31,33,35
11/19/97,10,23,28,38,43,45
11/15/97,11,28,29,34,38,40
11/12/97,4,5,14,30,32,34
11/08/97,11,15,16,25,31,44
11/05/97,13,15,27,31,43,44
11/01/97,3,17,18,21,23,28
10/29/97,1,20,23,31,34,44
10/25/97,1,11,22,28,30,43
10/22/97,5,11,14,19,27,29
10/18/97,10,13,16,21,26,35
10/15/97,17,23,24,39,45,49
10/11/97,2,3,14,17,25,49
10/08/97,2,3,11,15,34,47
10/04/97,23,26,29,31,33,42
10/01/97,1,3,16,29,31,46
09/27/97,2,10,23,31,39,49
09/24/97,10,12,34,37,39,41
09/20/97,9,11,32,38,39,40
09/17/97,15,23,39,40,44,46
09/13/97,6,11,20,24,38,42
09/10/97,7,12,20,35,36,38
09/06/97,13,23,27,39,41,49
09/03/97,13,14,18,23,24,27
08/30/97,16,19,22,34,37,40
08/27/97,12,13,16,34,44,49
08/23/97,28,29,36,39,45,46
08/20/97,6,14,25,30,31,36
08/16/97,3,4,6,20,31,35
08/13/97,7,15,25,32,44,48
08/09/97,1,2,5,11,17,19
08/06/97,1,6,8,10,14,49
08/02/97,1,7,14,16,32,41
07/30/97,4,5,10,20,23,47
07/26/97,14,19,22,24,35,47
07/23/97,4,12,36,44,45,47
07/19/97,4,5,25,37,39,44
07/16/97,6,15,16,36,39,46
07/12/97,12,16,20,23,36,47
07/09/97,4,31,32,35,37,48
07/05/97,2,3,11,14,27,30
07/02/97,17,25,29,30,34,40
06/28/97,3,10,19,27,32,33
06/25/97,3,8,10,23,31,47
06/21/97,17,21,25,26,33,48
06/18/97,5,25,33,37,39,43
06/14/97,7,16,18,25,32,33
06/11/97,20,21,22,34,36,43
06/07/97,1,4,10,22,27,42
06/04/97,1,2,16,19,20,38
05/31/97,3,8,13,30,37,47
05/28/97,2,3,19,32,36,47
05/24/97,13,23,26,27,30,44
05/21/97,3,12,21,24,37,45
05/17/97,11,21,25,27,28,37
05/14/97,5,15,17,32,41,45
05/10/97,3,5,6,20,29,33
05/07/97,8,20,23,25,36,43
05/03/97,2,8,16,31,34,36
04/30/97,2,16,20,36,45,47
04/26/97,3,14,19,26,35,45
04/23/97,22,28,36,42,46,49
04/19/97,4,14,18,35,36,48
04/16/97,9,14,19,28,37,46
04/12/97,11,15,27,39,43,44
04/09/97,11,14,15,16,28,42
04/05/97,2,3,15,19,44,45
04/02/97,1,3,12,14,17,46
03/29/97,9,20,27,34,38,46
03/26/97,4,27,32,38,40,45
03/22/97,4,15,20,27,41,45
03/19/97,12,16,20,22,26,38
03/15/97,5,21,29,31,45,49
03/12/97,12,16,25,26,28,41
03/08/97,13,31,32,40,45,48
03/05/97,3,20,22,30,44,45
03/01/97,11,24,28,40,46,47
02/26/97,5,6,21,26,42,48
02/22/97,1,3,7,13,39,46
02/19/97,9,21,25,27,40,42
02/15/97,6,9,16,27,46,48
02/12/97,8,13,25,30,43,45
02/08/97,20,21,25,31,43,45
02/05/97,4,5,7,8,16,39
02/01/97,4,8,23,35,40,46
01/29/97,1,8,19,27,32,39
01/25/97,6,27,30,31,34,47
01/22/97,6,14,16,27,30,43
01/18/97,8,10,18,31,41,48
01/15/97,2,8,13,16,26,31
01/11/97,4,13,17,28,44,47
01/08/97,19,24,30,35,37,44
01/04/97,23,28,33,38,47,49
01/01/97,1,23,25,26,33,44
12/30/98,10,13,16,19,25,31
12/26/98,2,8,10,14,18,44
12/23/98,3,15,17,18,24,44
12/19/98,6,12,17,26,38,44
12/16/98,11,12,16,19,26,37
12/12/98,10,11,20,29,43,45
12/09/98,17,18,19,36,41,42
12/05/98,4,12,15,18,19,32
12/02/98,1,3,5,6,24,39
11/28/98,3,22,25,33,39,41
11/25/98,6,16,17,28,45,49
11/21/98,2,9,21,24,35,46
11/18/98,1,2,6,22,36,47
11/14/98,4,21,23,31,43,45
11/11/98,3,5,6,12,14,30
11/07/98,14,27,31,38,45,47
11/04/98,15,20,21,22,26,35
10/31/98,3,11,24,37,38,39
10/28/98,9,10,23,35,42,49
10/24/98,19,20,21,27,34,43
10/21/98,4,8,15,30,41,45
10/17/98,10,14,15,17,23,25
10/14/98,6,22,28,32,42,45
10/10/98,3,8,21,23,33,49
10/07/98,1,6,14,18,25,34
10/03/98,1,6,17,20,33,44
09/30/98,10,15,22,25,32,34
09/26/98,13,15,28,31,35,45
09/23/98,1,13,26,28,29,41
09/19/98,13,15,26,32,34,36
09/16/98,8,21,23,29,30,37
09/12/98,5,9,10,15,21,41
09/09/98,10,30,37,44,47,49
09/05/98,4,6,29,32,33,38
09/02/98,9,20,26,34,44,49
08/29/98,8,20,22,36,47,49
08/26/98,1,4,22,26,37,47
08/22/98,12,17,21,23,38,44
08/19/98,1,4,8,9,47,48
08/15/98,12,13,15,37,41,49
08/12/98,15,16,38,39,41,45
08/08/98,3,20,21,33,35,45
08/05/98,1,4,14,17,31,44
08/01/98,10,11,19,34,45,46
07/29/98,1,4,14,21,22,29
07/25/98,10,11,33,38,39,45
07/22/98,2,3,22,31,34,45
07/18/98,6,16,17,23,34,35
07/15/98,5,31,37,38,43,49
07/11/98,10,13,27,28,31,49
07/08/98,10,26,28,35,38,39
07/04/98,2,19,23,29,46,47
07/01/98,9,12,25,31,36,48
06/27/98,6,20,26,40,42,46
06/24/98,1,5,22,42,47,49
06/20/98,2,6,16,24,34,38
06/17/98,6,15,23,30,34,43
06/13/98,12,16,20,27,43,44
06/10/98,1,2,6,10,16,21
06/06/98,5,6,31,33,44,49
06/03/98,2,27,32,35,41,47
05/30/98,1,5,12,13,16,21
05/27/98,4,9,15,20,37,43
05/23/98,1,21,26,31,32,47
05/20/98,10,11,20,22,31,39
05/16/98,4,20,25,28,35,42
05/13/98,4,15,23,30,35,49
05/09/98,7,14,27,32,46,49
05/06/98,7,17,24,32,34,43
05/02/98,5,12,13,15,30,49
04/29/98,3,17,28,30,47,48
04/25/98,2,8,20,28,39,40
04/22/98,8,19,35,42,43,48
04/18/98,2,23,24,28,31,35
04/15/98,10,12,27,31,37,42
04/11/98,8,29,34,37,39,47
04/08/98,9,12,15,29,32,37
04/04/98,8,12,33,36,40,45
04/01/98,5,20,29,42,45,49
03/28/98,16,22,27,29,36,42
03/25/98,1,7,9,11,37,40
03/21/98,8,12,15,23,38,45
03/18/98,15,23,28,39,45,48
03/14/98,6,7,19,34,36,41
03/11/98,3,6,8,30,40,43
03/07/98,26,34,36,41,46,48
03/04/98,8,12,17,28,38,40
02/28/98,7,20,22,23,44,49
02/25/98,22,26,29,31,36,39
02/21/98,6,22,25,26,37,43
02/18/98,7,14,18,25,32,37
02/14/98,4,10,16,21,33,36
02/11/98,2,13,19,32,38,47
02/07/98,7,18,20,21,32,40
02/04/98,10,16,28,37,42,47
01/31/98,6,10,26,28,37,42
01/28/98,1,2,30,31,34,49
01/24/98,5,9,14,21,25,42
01/21/98,2,3,10,16,27,37
01/17/98,5,14,23,28,34,47
01/14/98,8,18,20,22,39,40
01/10/98,3,6,9,16,30,49
01/07/98,2,9,19,37,39,46
01/03/98,6,20,24,33,42,47
12/29/99,6,10,15,17,28,44
12/25/99,2,8,42,45,47,49
12/22/99,22,23,32,34,36,47
12/18/99,7,32,35,36,47,48
12/15/99,2,20,24,25,35,45
12/11/99,4,9,11,16,17,44
12/08/99,7,14,24,27,29,49
12/04/99,3,8,9,33,39,49
12/01/99,6,9,12,21,27,32
11/27/99,8,11,14,34,41,42
11/24/99,1,19,22,29,35,48
11/20/99,2,10,14,24,31,45
11/17/99,21,26,27,32,42,44
11/13/99,5,14,20,22,40,43
11/10/99,2,8,20,28,41,42
11/06/99,15,16,22,33,34,43
11/03/99,5,26,30,34,41,44
10/30/99,18,20,27,34,39,43
10/27/99,2,3,22,32,33,34
10/23/99,9,19,36,40,42,48
10/20/99,5,14,17,32,40,46
10/16/99,15,16,23,38,41,46
10/13/99,24,37,41,44,45,47
10/09/99,1,2,14,25,41,44
10/06/99,15,19,27,29,42,48
10/02/99,13,20,23,31,44,49
09/29/99,3,4,13,34,35,36
09/25/99,2,19,36,45,46,47
09/22/99,2,11,24,29,42,46
09/18/99,4,7,25,30,42,47
09/15/99,3,5,13,20,27,29
09/11/99,2,3,6,15,39,44
09/08/99,9,18,22,25,42,49
09/04/99,2,12,40,42,45,47
09/01/99,1,10,17,20,33,45
08/28/99,17,26,36,39,44,47
08/25/99,4,19,27,28,32,36
08/21/99,11,14,16,21,32,39
08/18/99,4,7,13,31,36,37
08/14/99,6,8,12,13,18,46
08/11/99,19,27,33,41,43,46
08/07/99,4,10,23,25,39,42
08/04/99,4,11,19,21,23,40
07/31/99,5,14,26,31,38,48
07/28/99,7,24,28,37,48,49
07/24/99,4,7,10,25,35,38
07/21/99,4,7,12,17,24,32
07/17/99,8,14,39,41,42,49
07/14/99,5,9,12,42,48,49
07/10/99,17,23,30,36,48,49
07/07/99,12,16,20,26,43,44
07/03/99,2,5,11,15,31,36
06/30/99,5,20,26,34,37,46
06/26/99,5,21,29,30,36,42
06/23/99,9,15,22,37,40,49
06/19/99,10,29,31,32,38,47
06/16/99,9,11,12,17,33,42
06/12/99,10,22,37,38,41,42
06/09/99,9,12,22,26,29,32
06/05/99,13,23,24,37,46,47
06/02/99,3,14,22,37,46,48
05/29/99,2,10,12,15,18,36
05/26/99,14,16,31,34,36,44
05/22/99,2,8,12,27,37,39
05/19/99,2,5,18,36,37,47
05/15/99,2,14,28,30,38,45
05/12/99,2,5,18,29,35,37
05/08/99,3,4,9,24,46,49
05/05/99,1,26,29,37,40,43
05/01/99,6,12,18,20,30,45
04/28/99,11,14,16,17,19,26
04/24/99,2,9,16,35,41,48
04/21/99,13,20,22,32,39,43
04/17/99,24,28,29,31,36,40
04/14/99,17,20,28,34,40,42
04/10/99,4,23,33,34,36,47
04/07/99,2,25,38,42,45,48
04/03/99,11,22,24,31,32,36
03/31/99,3,12,18,28,31,36
03/27/99,15,21,32,34,36,38
03/24/99,22,26,32,38,45,46
03/20/99,2,12,16,19,36,37
03/17/99,7,9,12,30,41,44
03/13/99,5,24,30,33,37,40
03/10/99,7,9,10,13,15,34
03/06/99,14,32,35,47,48,49
03/03/99,2,3,5,10,26,27
02/27/99,12,24,25,29,39,42
02/24/99,2,17,19,20,26,41
02/20/99,9,16,27,28,32,45
02/17/99,8,15,27,40,45,46
02/13/99,7,12,30,35,44,49
02/10/99,9,26,32,41,48,49
02/06/99,6,11,20,28,33,49
02/03/99,10,17,19,23,25,35
01/30/99,4,22,23,38,42,43
01/27/99,12,29,38,46,48,49
01/23/99,4,5,9,17,30,41
01/20/99,1,10,16,38,44,45
01/16/99,1,3,5,27,30,45
01/13/99,1,2,6,10,14,29
01/09/99,1,3,18,23,24,35
01/06/99,6,11,30,36,37,48
01/02/99,6,28,33,34,36,48
12/30/00,7,9,17,27,31,48
12/27/00,6,9,17,33,43,45
12/23/00,11,15,24,30,31,33
12/20/00,13,41,42,45,46,49
12/16/00,4,17,27,33,34,45
12/13/00,14,16,18,19,34,40
12/09/00,9,19,21,30,38,40
12/06/00,2,14,21,25,32,47
12/02/00,3,6,20,24,36,47
11/29/00,6,13,23,24,31,42
11/25/00,12,23,24,31,45,46
11/22/00,4,32,36,37,40,49
11/18/00,5,9,23,28,29,48
11/15/00,24,25,28,36,37,42
11/11/00,21,26,29,42,44,49
11/08/00,12,21,33,39,47,49
11/04/00,5,6,11,20,25,47
11/01/00,9,13,21,23,36,47
10/28/00,3,10,23,40,43,46
10/25/00,7,12,16,29,37,43
10/21/00,38,43,44,45,46,47
10/18/00,2,9,11,23,27,45
10/14/00,1,10,14,19,38,45
10/11/00,5,6,21,35,38,46
10/07/00,6,24,25,40,41,44
10/04/00,7,14,19,40,43,49
09/30/00,15,18,20,24,31,41
09/27/00,1,24,29,35,40,45
09/23/00,2,20,22,31,37,49
09/20/00,3,6,21,30,36,40
09/16/00,15,20,36,37,46,49
09/13/00,2,10,27,29,31,49
09/09/00,9,11,19,22,24,42
09/06/00,20,27,31,40,42,45
09/02/00,4,6,12,27,28,46
08/30/00,18,19,29,40,43,49
08/26/00,10,23,35,41,43,47
08/23/00,6,8,14,17,32,47
08/19/00,2,11,14,22,25,34
08/16/00,10,15,16,32,33,41
08/12/00,3,13,14,18,29,40
08/09/00,9,21,39,42,45,49
08/05/00,11,33,37,40,45,46
08/02/00,2,3,12,27,31,47
07/29/00,5,12,19,35,37,43
07/26/00,2,3,25,37,39,40
07/22/00,1,12,18,23,42,47
07/19/00,15,17,32,42,43,45
07/15/00,4,20,28,34,42,49
07/12/00,16,21,31,35,42,44
07/08/00,5,10,12,38,40,41
07/05/00,11,15,19,27,40,48
07/01/00,10,15,17,20,31,44
06/28/00,3,13,22,23,24,25
06/24/00,1,17,21,27,40,44
06/21/00,11,15,29,31,34,46
06/17/00,5,7,9,33,41,48
06/14/00,5,6,21,26,33,40
06/10/00,1,4,16,22,32,37
06/07/00,7,10,27,42,43,47
06/03/00,4,8,18,32,38,45
05/31/00,2,5,11,25,32,34
05/27/00,11,14,18,27,30,42
05/24/00,22,23,24,27,30,45
05/20/00,3,5,8,14,27,31
05/17/00,1,13,23,36,37,48
05/13/00,2,10,11,27,33,37
05/10/00,13,19,23,40,45,49
05/06/00,11,12,19,34,36,45
05/03/00,12,19,33,36,40,44
04/29/00,1,6,19,25,33,48
04/26/00,5,24,28,35,38,42
04/22/00,7,14,20,24,28,39
04/19/00,12,16,32,44,47,49
04/15/00,1,18,25,41,47,48
04/12/00,10,29,34,42,46,47
04/08/00,5,10,24,27,30,45
04/05/00,5,9,12,20,25,27
04/01/00,3,16,32,39,46,49
03/29/00,10,11,12,19,41,48
03/25/00,10,30,31,35,43,44
03/22/00,3,8,17,24,27,43
03/18/00,4,16,19,26,35,43
03/15/00,4,5,26,29,30,34
03/11/00,3,12,26,34,37,41
03/08/00,11,21,27,29,39,45
03/04/00,10,14,16,19,23,36
03/01/00,4,10,14,19,22,27
02/26/00,3,5,10,41,43,45
02/23/00,1,5,29,32,37,43
02/19/00,7,9,13,25,27,47
02/16/00,11,18,25,28,34,44
02/12/00,7,22,25,35,40,42
02/09/00,3,11,16,24,36,49
02/05/00,4,20,24,44,46,47
02/02/00,8,20,34,36,41,43
01/29/00,6,7,22,33,36,40
01/26/00,12,17,25,44,45,47
01/22/00,4,14,18,36,39,44
01/19/00,2,6,27,40,41,47
01/15/00,1,9,15,26,47,48
01/12/00,6,14,20,32,37,44
01/08/00,6,16,27,30,34,35
01/05/00,3,12,22,35,40,47
01/01/00,2,34,36,41,43,45
12/29/01,25,26,34,36,43,46
12/26/01,3,6,9,10,13,20
12/22/01,14,27,34,38,44,45
12/19/01,10,17,19,20,25,35
12/15/01,1,8,18,31,34,37
12/12/01,18,30,31,32,43,44
12/08/01,2,3,4,18,28,43
12/05/01,10,13,31,43,47,48
12/01/01,2,3,6,7,18,36
11/28/01,1,21,29,42,45,47
11/24/01,2,7,21,33,39,46
11/21/01,2,8,12,18,24,35
11/17/01,4,15,21,31,41,49
11/14/01,1,20,27,42,46,48
11/10/01,3,13,17,26,33,35
11/07/01,2,5,13,18,29,42
11/03/01,4,8,14,26,29,43
10/31/01,12,15,29,30,45,47
10/27/01,18,21,25,26,32,48
10/24/01,4,12,21,26,43,46
10/20/01,9,10,22,38,43,44
10/17/01,18,21,25,34,36,45
10/13/01,14,17,22,32,36,49
10/10/01,9,25,42,43,46,47
10/06/01,1,18,27,28,43,47
10/03/01,19,20,22,28,40,42
09/29/01,2,11,16,18,21,33
09/26/01,2,6,12,17,39,47
09/22/01,10,19,27,29,33,36
09/19/01,10,24,25,30,40,48
09/15/01,4,22,24,32,42,43
09/12/01,7,15,34,38,43,45
09/08/01,4,22,25,27,39,45
09/05/01,8,9,21,34,42,43
09/01/01,7,8,18,23,47,48
08/29/01,7,9,22,23,37,42
08/25/01,1,7,18,23,29,43
08/22/01,5,13,15,28,31,34
08/18/01,5,19,26,29,40,42
08/15/01,14,22,27,32,40,47
08/11/01,12,14,16,23,24,45
08/08/01,16,19,29,35,36,38
08/04/01,1,11,15,33,36,49
08/01/01,6,33,39,41,42,44
07/28/01,15,26,29,41,46,48
07/25/01,6,8,13,24,34,46
07/21/01,1,11,22,27,33,49
07/18/01,5,10,13,19,22,47
07/14/01,8,21,25,35,40,41
07/11/01,9,23,27,31,35,48
07/07/01,5,17,29,31,33,46
07/04/01,3,5,9,31,40,41
06/30/01,3,8,15,32,46,48
06/27/01,1,3,19,27,30,48
06/23/01,3,15,24,36,42,47
06/20/01,2,3,13,17,23,32
06/16/01,14,19,20,21,24,28
06/13/01,7,18,22,30,36,43
06/09/01,1,14,23,25,30,41
06/06/01,3,10,17,22,24,40
06/02/01,5,6,11,17,29,37
05/30/01,9,11,12,22,37,48
05/26/01,2,19,25,30,41,45
05/23/01,5,9,15,21,42,43
05/19/01,7,8,18,29,34,44
05/16/01,11,17,29,34,37,45
05/12/01,3,6,25,26,42,44
05/09/01,3,5,7,10,30,43
05/05/01,19,20,23,39,40,43
05/02/01,1,31,38,43,45,46
04/28/01,9,15,26,28,33,39
04/25/01,11,18,20,27,39,46
04/21/01,16,17,19,27,30,37
04/18/01,11,16,20,25,46,48
04/14/01,3,12,14,30,33,40
04/11/01,2,8,11,24,30,36
04/07/01,2,11,25,27,40,44
04/04/01,1,16,17,24,31,32
03/31/01,1,12,13,28,32,44
03/28/01,12,19,32,34,39,43
03/24/01,1,27,31,33,35,47
03/21/01,4,20,21,27,42,47
03/17/01,9,17,19,22,29,37
03/14/01,6,20,31,36,38,44
03/10/01,5,7,8,12,23,28
03/07/01,19,20,22,24,38,42
03/03/01,1,2,4,18,28,35
02/28/01,6,9,17,18,20,39
02/24/01,5,12,25,34,35,45
02/21/01,5,10,23,36,40,44
02/17/01,9,13,27,28,38,42
02/14/01,12,13,14,32,41,43
02/10/01,9,11,36,38,46,47
02/07/01,9,23,29,38,39,43
02/03/01,15,17,21,22,43,45
01/31/01,3,19,29,34,38,45
01/27/01,26,30,32,37,41,47
01/24/01,14,25,26,33,36,44
01/20/01,4,9,10,19,26,36
01/17/01,3,9,11,28,29,47
01/13/01,3,5,33,40,45,46
01/10/01,17,25,40,42,45,49
01/06/01,17,30,37,41,43,48
01/03/01,5,7,12,37,39,46
12/28/02,12,14,15,27,28,39
12/25/02,1,17,19,22,36,44
12/21/02,26,29,35,45,48,49
12/18/02,10,11,26,34,40,44
12/14/02,7,19,21,30,36,44
12/11/02,5,8,13,37,40,43
12/07/02,1,14,26,30,33,38
12/04/02,1,3,4,11,34,40
11/30/02,1,2,12,30,37,43
11/27/02,7,9,11,26,35,48
11/23/02,7,10,15,19,24,29
11/20/02,21,29,32,38,40,42
11/16/02,20,24,26,27,33,41
11/13/02,6,7,16,25,40,48
11/09/02,12,13,30,31,44,49
11/06/02,2,8,19,31,43,48
11/02/02,4,8,11,21,27,48
10/30/02,5,6,13,22,29,46
10/26/02,5,6,14,29,33,47
10/23/02,7,11,24,29,32,36
10/19/02,10,14,20,28,32,40
10/16/02,2,14,23,36,46,47
10/12/02,6,18,23,24,28,46
10/09/02,12,21,23,26,34,47
10/05/02,12,13,16,20,24,26
10/02/02,1,14,16,18,38,49
09/28/02,5,16,17,31,38,45
09/25/02,2,24,33,34,36,37
09/21/02,3,19,29,34,35,36
09/18/02,4,14,39,42,46,48
09/14/02,6,16,23,31,34,39
09/11/02,2,8,12,15,28,49
09/07/02,3,4,8,12,24,28
09/04/02,2,8,10,14,31,39
08/31/02,6,7,10,11,14,47
08/28/02,2,11,20,29,30,48
08/24/02,2,7,21,43,44,46
08/21/02,4,7,13,25,37,45
08/17/02,14,20,22,41,43,49
08/14/02,11,28,33,37,40,46
08/10/02,13,16,18,27,43,45
08/07/02,2,16,21,22,28,47
08/03/02,4,14,24,27,30,40
07/31/02,9,11,27,33,40,42
07/27/02,1,5,13,22,28,43
07/24/02,2,4,8,15,22,49
07/20/02,9,26,28,30,37,41
07/17/02,3,10,16,36,39,46
07/13/02,19,27,29,30,40,45
07/10/02,1,5,7,10,26,49
07/06/02,10,21,23,28,31,39
07/03/02,25,27,28,36,37,40
06/29/02,8,22,41,43,48,49
06/26/02,2,10,20,25,44,48
06/22/02,12,15,18,23,24,46
06/19/02,5,10,34,35,36,45
06/15/02,20,29,38,39,42,46
06/12/02,3,4,15,18,34,47
06/08/02,2,12,19,38,43,48
06/05/02,1,2,9,15,20,38
06/01/02,7,8,12,37,46,48
05/29/02,2,6,8,15,24,44
05/25/02,12,28,31,34,36,42
05/22/02,4,8,9,26,34,43
05/18/02,13,15,24,34,42,47
05/15/02,1,4,14,20,41,44
05/11/02,9,33,36,40,46,47
05/08/02,1,10,30,37,44,49
05/04/02,15,23,38,39,44,49
05/01/02,1,6,25,31,33,43
04/27/02,3,8,12,36,40,47
04/24/02,7,22,35,36,41,49
04/20/02,18,20,27,32,34,36
04/17/02,19,35,36,39,44,48
04/13/02,15,27,35,38,44,46
04/10/02,3,5,24,26,33,46
04/06/02,1,11,14,18,20,38
04/03/02,3,8,29,40,43,44
03/30/02,1,18,26,34,42,48
03/27/02,17,26,30,34,43,48
03/23/02,2,4,9,31,36,40
03/20/02,3,11,12,17,29,41
03/16/02,2,17,24,26,35,47
03/13/02,12,14,20,23,43,47
03/09/02,4,6,16,38,44,45
03/06/02,7,18,20,26,28,31
03/02/02,3,11,13,28,40,47
02/27/02,4,7,16,36,39,40
02/23/02,7,28,38,39,44,48
02/20/02,4,15,21,29,30,35
02/16/02,16,29,34,40,46,48
02/13/02,1,2,6,24,40,47
02/09/02,7,14,20,30,35,36
02/06/02,1,5,14,15,20,43
02/02/02,11,17,22,26,43,48
01/30/02,2,4,6,11,37,47
01/26/02,3,27,31,34,35,40
01/23/02,1,7,8,33,40,44
01/19/02,7,9,22,35,40,47
01/16/02,13,17,18,28,37,44
01/12/02,1,7,13,30,34,36
01/09/02,8,12,15,23,28,39
01/05/02,4,19,20,35,41,46
01/02/02,8,9,15,22,26,39
12/31/03,13,14,17,20,39,40
12/27/03,5,9,17,31,37,44
12/24/03,5,12,21,28,30,45
12/20/03,4,18,20,31,39,48
12/17/03,5,14,17,25,34,44
12/13/03,5,7,10,30,34,35
12/10/03,2,13,14,24,29,42
12/06/03,7,21,31,38,42,48
12/03/03,3,11,27,31,33,35
11/29/03,13,17,26,27,29,45
11/26/03,3,5,7,25,40,47
11/22/03,2,16,25,34,37,48
11/19/03,9,10,13,23,28,29
11/15/03,18,27,33,34,44,47
11/12/03,3,4,41,44,45,48
11/08/03,2,23,28,43,47,49
11/05/03,5,6,13,34,35,43
11/01/03,8,18,29,31,41,43
10/29/03,8,9,22,29,37,49
10/25/03,8,13,16,19,33,49
10/22/03,11,17,26,31,40,44
10/18/03,10,25,26,38,46,49
10/15/03,1,10,14,16,25,39
10/11/03,6,9,21,25,27,32
10/08/03,3,11,18,34,37,41
10/04/03,3,28,29,32,37,45
10/01/03,1,11,17,41,42,45
09/27/03,7,8,16,37,43,44
09/24/03,3,5,11,34,38,47
09/20/03,1,6,23,35,36,39
09/17/03,6,11,13,30,31,37
09/13/03,12,21,26,37,43,49
09/10/03,1,15,24,34,40,48
09/06/03,11,27,41,45,46,49
09/03/03,13,15,16,18,26,33
08/30/03,3,6,37,38,45,47
08/27/03,7,14,20,23,38,46
08/23/03,2,6,19,27,35,47
08/20/03,12,16,20,29,36,47
08/16/03,11,15,17,19,32,39
08/13/03,5,6,13,16,27,30
08/09/03,5,7,10,13,27,29
08/06/03,4,16,27,31,37,38
08/02/03,6,13,23,26,33,34
07/30/03,4,6,12,18,41,48
07/26/03,11,22,26,35,41,46
07/23/03,2,7,15,36,37,49
07/19/03,4,13,33,36,41,47
07/16/03,14,21,26,33,35,46
07/12/03,4,8,13,21,29,35
07/09/03,4,6,9,13,46,48
07/05/03,4,15,26,37,41,45
07/02/03,5,8,12,14,25,37
06/28/03,7,9,19,20,25,44
06/25/03,10,14,15,27,41,47
06/21/03,12,22,25,34,39,40
06/18/03,1,11,29,30,42,44
06/14/03,7,8,21,22,27,29
06/11/03,3,9,24,37,46,49
06/07/03,17,20,23,30,40,47
06/04/03,18,19,29,33,40,47
05/31/03,14,18,22,23,31,45
05/28/03,6,16,20,29,33,45
05/24/03,6,12,15,25,31,47
05/21/03,3,7,16,26,38,47
05/17/03,11,17,29,39,41,48
05/14/03,7,32,37,38,44,45
05/10/03,5,13,15,20,24,42
05/07/03,4,20,28,33,43,48
05/03/03,5,12,31,35,37,46
04/30/03,6,7,19,29,43,47
04/26/03,3,17,20,30,32,35
04/23/03,6,9,14,29,34,45
04/19/03,4,12,40,43,48,49
04/16/03,8,18,21,26,42,48
04/12/03,5,7,9,25,28,48
04/09/03,8,10,15,16,31,46
04/05/03,15,21,31,36,44,49
04/02/03,1,25,32,33,34,35
03/29/03,5,7,18,30,37,46
03/26/03,4,6,7,18,46,47
03/22/03,5,24,31,37,38,47
03/19/03,2,20,30,43,44,47
03/15/03,7,15,29,33,40,45
03/12/03,16,18,21,22,32,33
03/08/03,8,20,22,24,33,44
03/05/03,6,8,19,27,45,46
03/01/03,5,17,22,34,40,47
02/26/03,1,5,18,19,24,28
02/22/03,2,6,17,34,46,48
02/19/03,3,24,27,29,32,45
02/15/03,3,11,12,25,32,38
02/12/03,8,23,29,34,40,47
02/08/03,15,23,24,28,30,41
02/05/03,7,9,33,35,45,47
02/01/03,1,5,29,43,44,48
01/29/03,1,6,29,34,41,46
01/25/03,9,14,17,32,39,49
01/22/03,18,22,26,29,35,37
01/18/03,4,6,11,25,30,44
01/15/03,15,17,25,36,38,45
01/11/03,5,9,26,28,32,41
01/08/03,1,2,12,16,28,41
01/04/03,5,13,21,30,37,46
01/01/03,2,5,32,34,38,49
12/29/04,6,11,21,37,40,46
12/25/04,4,13,16,32,35,37
12/22/04,11,17,35,38,43,47
12/18/04,3,18,27,32,37,40
12/15/04,1,17,32,35,38,48
12/11/04,2,9,40,43,47,48
12/08/04,5,11,25,28,35,49
12/04/04,16,24,26,30,39,42
12/01/04,4,23,26,35,36,40
11/27/04,12,15,30,38,47,48
11/24/04,15,17,19,20,35,38
11/20/04,28,30,38,44,45,48
11/17/04,13,24,30,41,43,47
11/13/04,4,6,7,17,31,36
11/10/04,2,9,19,33,35,45
11/06/04,1,6,16,34,37,41
11/03/04,10,18,19,37,43,48
10/30/04,18,26,29,39,43,45
10/27/04,29,30,33,34,37,46
10/23/04,1,8,13,24,27,43
10/20/04,2,3,13,14,31,36
10/16/04,1,3,11,40,42,48
10/13/04,6,15,22,30,31,48
10/09/04,16,23,33,35,43,49
10/06/04,20,26,29,31,40,49
10/02/04,4,9,14,27,35,48
09/29/04,10,12,14,27,34,36
09/25/04,15,17,20,21,44,47
09/22/04,13,30,32,33,42,46
09/18/04,7,11,15,39,42,48
09/15/04,1,3,15,16,22,39
09/11/04,7,10,21,29,32,43
09/08/04,10,26,37,40,42,47
09/04/04,2,4,5,44,46,47
09/01/04,1,2,21,30,31,38
08/28/04,17,19,23,24,28,38
08/25/04,9,16,22,23,33,45
08/21/04,28,30,31,37,39,46
08/18/04,3,4,13,21,27,29
08/14/04,13,29,31,36,37,42
08/11/04,4,16,18,28,30,38
08/07/04,3,12,23,30,36,37
08/04/04,6,7,9,11,30,43
07/31/04,3,21,31,40,43,49
07/28/04,4,8,25,29,36,37
07/24/04,6,13,17,19,24,29
07/21/04,19,21,24,25,45,46
07/17/04,10,18,23,26,41,43
07/14/04,7,19,32,35,36,43
07/10/04,4,26,30,31,48,49
07/07/04,2,7,26,35,39,43
07/03/04,1,11,14,20,31,40
06/30/04,2,21,31,32,41,49
06/26/04,1,7,8,10,18,36
06/23/04,4,6,15,22,27,40
06/19/04,1,33,40,41,45,48
06/16/04,4,22,30,39,46,47
06/12/04,4,10,28,29,30,46
06/09/04,7,23,24,27,41,42
06/05/04,12,13,17,26,43,45
06/02/04,1,4,20,21,26,43
05/29/04,24,29,30,31,34,46
05/26/04,14,35,37,44,46,48
05/22/04,1,11,12,15,32,46
05/19/04,5,16,24,26,46,48
05/15/04,21,24,30,32,40,41
05/12/04,1,10,26,29,40,45
05/08/04,4,7,24,39,43,44
05/05/04,5,13,16,20,28,31
05/01/04,8,21,24,26,34,38
04/28/04,16,30,36,39,45,47
04/24/04,4,6,15,22,23,27
04/21/04,12,24,32,36,39,47
04/17/04,11,13,18,20,24,29
04/14/04,9,12,14,19,31,43
04/10/04,20,33,36,45,46,47
04/07/04,1,10,18,20,30,40
04/03/04,3,17,22,25,40,46
03/31/04,2,3,17,18,19,46
03/27/04,7,19,31,43,45,49
03/24/04,5,15,19,24,26,46
03/20/04,9,13,21,25,38,41
03/17/04,2,23,25,33,34,41
03/13/04,9,27,32,38,39,49
03/10/04,2,17,35,41,46,48
03/06/04,12,17,25,26,43,44
03/03/04,1,2,7,16,43,44
02/28/04,3,15,17,26,27,46
02/25/04,1,9,25,27,37,40
02/21/04,4,5,26,33,38,44
02/18/04,21,22,26,27,40,47
02/14/04,1,5,12,17,31,44
02/11/04,4,10,14,19,21,28
02/07/04,3,14,26,27,35,44
02/04/04,8,22,37,38,45,47
01/31/04,1,20,23,36,38,49
01/28/04,3,14,20,23,25,45
01/24/04,3,8,17,20,26,47
01/21/04,1,7,26,40,43,45
01/17/04,2,12,25,40,41,47
01/14/04,1,7,12,24,44,49
01/10/04,13,16,18,21,32,33
01/07/04,2,6,13,20,42,48
01/03/04,9,13,24,36,44,45
12/31/05,10,13,31,33,34,35
12/28/05,6,7,10,29,42,44
12/24/05,16,17,18,23,28,33
12/21/05,4,9,25,27,31,33
12/17/05,4,13,18,19,42,43
12/14/05,4,19,24,31,35,43
12/10/05,6,18,23,37,40,45
12/07/05,2,8,12,19,23,41
12/03/05,16,19,21,25,35,45
11/30/05,5,18,22,28,29,32
11/26/05,15,21,31,35,41,46
11/23/05,4,6,10,17,33,49
11/19/05,1,6,8,11,23,46
11/16/05,11,14,36,40,43,45
11/12/05,1,14,24,30,35,45
11/09/05,7,30,36,39,42,49
11/05/05,4,30,39,42,45,46
11/02/05,9,13,14,40,43,49
10/29/05,4,14,19,25,26,49
10/26/05,5,11,20,30,37,43
10/22/05,3,21,25,26,31,40
10/19/05,11,19,33,35,39,40
10/15/05,1,20,31,32,45,46
10/12/05,11,15,23,34,35,36
10/08/05,5,13,15,17,24,27
10/05/05,1,12,15,16,21,35
10/01/05,9,14,19,23,43,45
09/28/05,4,11,21,27,38,41
09/24/05,15,20,32,39,40,47
09/21/05,15,17,24,26,34,35
09/17/05,4,7,13,33,40,47
09/14/05,2,6,18,25,30,32
09/10/05,6,8,26,33,35,42
09/07/05,2,3,16,37,45,49
09/03/05,8,12,22,37,42,46
08/31/05,1,18,30,33,36,47
08/27/05,2,32,39,42,45,46
08/24/05,3,22,25,32,36,41
08/20/05,4,14,17,23,26,38
08/17/05,4,7,24,27,28,41
08/13/05,10,17,21,40,44,45
08/10/05,4,10,16,22,39,42
08/06/05,6,22,28,36,41,48
08/03/05,4,5,6,10,23,35
07/30/05,10,16,21,29,38,45
07/27/05,8,19,22,30,34,47
07/23/05,12,22,25,30,33,38
07/20/05,2,7,22,27,45,48
07/16/05,14,22,23,32,43,49
07/13/05,1,7,8,14,32,33
07/09/05,3,8,10,23,26,28
07/06/05,5,7,23,25,31,49
07/02/05,2,18,22,38,39,44
06/29/05,19,42,43,44,46,47
06/25/05,2,10,11,17,26,44
06/22/05,9,10,13,30,33,39
06/18/05,5,6,7,36,38,46
06/15/05,7,10,13,33,39,42
06/11/05,3,4,11,28,30,45
06/08/05,3,8,20,22,38,49
06/04/05,11,16,18,19,21,23
06/01/05,3,14,25,29,33,42
05/28/05,6,12,17,28,37,46
05/25/05,10,12,16,21,29,48
05/21/05,1,21,23,27,40,45
05/18/05,2,5,6,12,19,36
05/14/05,5,11,20,23,27,28
05/11/05,9,10,16,18,20,49
05/07/05,6,26,28,30,33,34
05/04/05,12,19,23,24,29,44
04/30/05,10,11,18,21,32,42
04/27/05,9,14,17,22,26,46
04/23/05,18,19,23,29,33,45
04/20/05,8,9,12,20,45,48
04/16/05,2,11,16,31,33,41
04/13/05,11,12,23,29,30,40
04/09/05,7,10,11,47,48,49
04/06/05,7,8,24,28,29,40
04/02/05,4,12,24,25,38,41
03/30/05,7,10,24,27,30,47
03/26/05,2,19,27,32,41,43
03/23/05,1,14,32,33,37,40
03/19/05,2,9,12,30,35,46
03/16/05,8,10,18,19,25,41
03/12/05,6,7,8,30,34,43
03/09/05,4,10,11,18,23,34
03/05/05,6,12,20,21,24,43
03/02/05,3,16,19,22,23,25
02/26/05,4,12,22,37,43,49
02/23/05,5,8,10,32,48,49
02/19/05,12,16,27,35,39,41
02/16/05,4,5,17,18,34,38
02/12/05,5,12,16,26,37,43
02/09/05,10,15,21,23,28,37
02/05/05,11,17,26,31,46,48
02/02/05,2,6,7,13,31,36
01/29/05,4,24,26,37,41,43
01/26/05,8,9,13,17,34,44
01/22/05,8,10,33,41,42,45
01/19/05,2,5,18,21,34,43
01/15/05,1,8,27,33,34,42
01/12/05,1,13,21,34,36,42
01/08/05,3,15,18,19,32,48
01/05/05,1,2,30,36,42,43
01/01/05,10,16,17,34,40,47
12/30/06,10,14,18,40,45,49
12/27/06,4,5,12,24,38,45
12/23/06,4,6,19,22,23,45
12/20/06,2,9,12,29,33,37
12/16/06,7,22,24,30,38,46
12/13/06,8,11,22,27,33,36
12/09/06,4,11,18,20,29,44
12/06/06,2,6,12,18,22,29
12/02/06,8,32,33,43,46,49
11/29/06,5,9,14,31,37,46
11/25/06,1,18,20,23,41,47
11/22/06,3,8,14,28,31,39
11/18/06,1,11,22,25,39,41
11/15/06,5,8,34,37,44,47
11/11/06,3,5,6,7,26,40
11/08/06,3,4,20,38,42,48
11/04/06,6,23,30,33,37,41
11/01/06,2,18,24,25,30,40
10/28/06,1,10,26,38,39,47
10/25/06,9,33,37,38,42,49
10/21/06,2,4,25,29,41,43
10/18/06,6,18,25,34,45,49
10/14/06,9,14,22,45,47,49
10/11/06,8,12,24,30,34,35
10/07/06,15,20,33,37,39,45
10/04/06,12,13,22,26,37,45
09/30/06,1,10,18,24,31,46
09/27/06,15,23,38,40,41,49
09/23/06,6,11,19,20,32,39
09/20/06,10,30,41,43,45,47
09/16/06,5,13,14,29,39,40
09/13/06,19,30,32,33,38,41
09/09/06,13,22,31,32,34,48
09/06/06,3,8,20,26,37,46
09/02/06,3,9,10,14,17,19
08/30/06,1,9,15,26,29,32
08/26/06,1,9,10,24,32,35
08/23/06,4,7,16,23,27,39
08/19/06,9,10,19,43,47,49
08/16/06,3,4,8,25,41,48
08/12/06,3,10,21,23,33,44
08/09/06,13,15,28,29,33,47
08/05/06,2,13,19,25,30,32
08/02/06,6,26,27,33,41,42
07/29/06,13,16,21,42,46,49
07/26/06,3,7,15,38,43,47
07/22/06,2,6,9,20,43,44
07/19/06,8,13,21,22,24,39
07/15/06,13,17,21,33,41,42
07/12/06,6,26,30,38,44,45
07/08/06,11,14,29,33,42,44
07/05/06,2,21,22,29,34,35
07/01/06,11,19,36,41,46,49
06/28/06,3,5,19,20,34,47
06/24/06,2,20,26,29,37,45
06/21/06,4,17,34,39,41,46
06/17/06,11,14,20,25,31,36
06/14/06,10,11,36,38,46,48
06/10/06,18,23,32,34,41,46
06/07/06,11,12,14,27,34,48
06/03/06,8,20,21,27,36,48
05/31/06,11,14,34,40,42,43
05/27/06,9,15,18,34,35,45
05/24/06,1,15,18,19,29,37
05/20/06,15,18,22,31,43,49
05/17/06,9,19,20,24,36,48
05/13/06,2,10,11,16,42,43
05/10/06,3,17,36,44,45,48
05/06/06,6,28,30,31,34,48
05/03/06,1,17,24,29,34,46
04/29/06,4,29,35,40,43,45
04/26/06,1,25,35,36,37,44
04/22/06,21,22,23,24,48,49
04/19/06,3,7,16,18,29,49
04/15/06,2,3,9,21,26,29
04/12/06,11,14,15,29,31,47
04/08/06,1,6,8,10,15,20
04/05/06,10,19,20,35,36,38
04/01/06,4,6,8,12,34,38
03/29/06,1,14,23,35,47,49
03/25/06,17,23,24,33,35,41
03/22/06,8,12,17,23,36,38
03/18/06,1,6,31,37,44,45
03/15/06,2,7,15,23,25,45
03/11/06,12,13,19,20,21,29
03/08/06,11,15,18,33,42,49
03/04/06,7,28,35,40,42,48
03/01/06,9,15,22,33,38,48
02/25/06,7,9,13,23,26,47
02/22/06,8,26,31,35,36,47
02/18/06,17,20,24,28,31,41
02/15/06,12,13,15,32,40,43
02/11/06,5,21,29,30,36,45
02/08/06,19,29,33,40,46,48
02/04/06,2,16,17,29,39,41
02/01/06,2,12,14,41,42,43
01/28/06,9,19,22,33,37,46
01/25/06,7,14,20,21,42,45
01/21/06,3,5,10,21,30,37
01/18/06,3,8,9,20,22,35
01/14/06,11,29,35,36,44,48
01/11/06,12,35,36,43,44,45
01/07/06,5,20,28,30,41,42
01/04/06,6,21,33,42,43,46
12/29/07,7,13,16,24,35,42
12/26/07,8,10,12,14,31,39
12/22/07,8,17,30,36,40,47
12/19/07,6,9,15,32,37,48
12/15/07,3,11,32,34,44,48
12/12/07,6,24,31,32,34,39
12/08/07,2,9,11,22,35,45
12/05/07,1,2,23,29,30,42
12/01/07,16,21,31,40,43,45
11/28/07,7,13,27,37,40,46
11/24/07,1,10,25,27,30,36
11/21/07,2,10,13,15,28,41
11/17/07,14,17,27,41,47,48
11/14/07,3,15,24,25,40,44
11/10/07,3,13,14,17,20,42
11/07/07,4,12,24,25,37,49
11/03/07,8,23,33,40,46,49
10/31/07,2,8,23,25,33,48
10/27/07,12,13,17,34,40,47
10/24/07,8,9,31,42,45,49
10/20/07,7,8,13,26,32,35
10/17/07,12,24,33,36,39,45
10/13/07,1,26,30,32,39,47
10/10/07,9,37,39,45,47,48
10/06/07,5,15,30,35,41,48
10/03/07,3,17,18,24,31,32
09/29/07,9,19,26,29,39,45
09/26/07,21,25,32,35,40,47
09/22/07,5,8,12,15,39,47
09/19/07,5,17,24,36,41,49
09/15/07,9,39,40,43,46,48
09/12/07,10,11,16,21,24,38
09/08/07,3,8,16,20,24,25
09/05/07,17,18,20,22,25,36
09/01/07,11,17,18,28,31,46
08/29/07,7,21,22,24,30,31
08/25/07,9,19,31,35,39,42
08/22/07,2,7,18,32,36,43
08/18/07,2,12,32,34,38,48
08/15/07,3,16,22,27,28,32
08/11/07,1,17,23,34,37,49
08/08/07,2,15,28,41,42,46
08/04/07,9,17,18,20,41,49
08/01/07,7,21,23,37,43,48
07/28/07,1,5,17,32,39,45
07/25/07,8,11,12,18,40,42
07/21/07,9,10,22,29,38,41
07/18/07,2,3,18,31,38,46
07/14/07,10,27,33,38,40,49
07/11/07,4,14,21,29,36,41
07/07/07,10,19,25,31,37,40
07/04/07,20,25,26,39,42,44
06/30/07,6,12,25,43,45,47
06/27/07,7,14,17,19,34,37
06/23/07,7,20,24,37,43,49
06/20/07,4,7,13,41,44,47
06/16/07,3,15,31,33,43,48
06/13/07,2,10,19,36,40,48
06/09/07,10,20,25,41,44,46
06/06/07,2,11,24,31,39,49
06/02/07,8,16,19,32,40,46
05/30/07,3,16,20,27,34,35
05/26/07,6,17,29,32,36,47
05/23/07,4,13,19,23,33,48
05/19/07,8,16,33,37,40,42
05/16/07,11,14,31,33,37,45
05/12/07,5,7,13,27,45,47
05/09/07,11,17,27,32,39,49
05/05/07,1,23,26,28,33,40
05/02/07,22,24,32,33,37,41
04/28/07,3,19,20,23,35,38
04/25/07,3,6,12,19,24,29
04/21/07,17,29,33,43,45,49
04/18/07,14,22,25,30,44,48
04/14/07,6,15,22,26,41,49
04/11/07,6,10,21,24,38,48
04/07/07,10,12,23,26,35,37
04/04/07,5,16,21,25,40,48
03/31/07,4,9,16,32,37,41
03/28/07,7,20,24,25,29,45
03/24/07,1,13,19,26,32,46
03/21/07,3,7,26,30,33,46
03/17/07,13,21,23,27,28,34
03/14/07,12,19,22,34,46,47
03/10/07,9,18,28,37,42,49
03/07/07,7,9,21,29,31,47
03/03/07,3,21,27,37,43,44
02/28/07,3,6,12,15,43,44
02/24/07,4,6,15,33,38,40
02/21/07,5,6,17,21,31,46
02/17/07,13,20,31,36,43,46
02/14/07,10,24,35,40,41,45
02/10/07,8,13,23,37,41,42
02/07/07,4,8,11,27,37,47
02/03/07,10,13,24,27,37,39
01/31/07,2,6,9,11,14,37
01/27/07,6,9,17,20,22,40
01/24/07,6,11,20,26,34,35
01/20/07,24,40,45,47,48,49
01/17/07,5,7,9,30,39,40
01/13/07,1,2,3,19,25,41
01/10/07,9,16,19,41,46,49
01/06/07,19,20,33,43,45,47
01/03/07,4,14,17,20,38,48
12/31/08,5,7,23,33,37,38
12/27/08,6,10,20,23,45,47
12/24/08,11,12,29,32,35,43
12/20/08,4,7,8,10,47,48
12/17/08,11,18,22,28,30,49
12/13/08,4,15,34,36,43,47
12/10/08,6,12,18,27,42,43
12/06/08,4,8,29,37,40,48
12/03/08,2,8,12,22,36,37
11/29/08,9,12,16,26,30,37
11/26/08,11,33,34,42,43,48
11/22/08,9,21,28,37,44,49
11/19/08,24,28,34,38,44,45
11/15/08,8,9,12,16,19,21
11/12/08,12,30,34,38,39,43
11/08/08,2,3,19,28,36,45
11/05/08,4,13,17,27,35,45
11/01/08,18,25,33,40,42,49
10/29/08,1,3,26,33,42,46
10/25/08,4,9,25,26,41,46
10/22/08,8,9,12,20,42,45
10/18/08,11,13,26,32,34,44
10/15/08,7,9,15,21,38,40
10/11/08,7,8,23,38,39,45
10/08/08,4,13,19,32,40,45
10/04/08,12,19,23,25,36,46
10/01/08,2,8,22,29,34,48
09/27/08,11,19,29,33,44,46
09/24/08,10,27,36,40,42,43
09/20/08,2,10,24,31,33,49
09/17/08,7,9,17,23,27,32
09/13/08,5,18,20,26,37,39
09/10/08,2,15,25,31,38,49
09/06/08,2,5,9,17,32,35
09/03/08,5,21,28,32,43,46
08/30/08,2,26,29,36,37,45
08/27/08,2,12,25,28,35,48
08/23/08,3,7,13,30,38,46
08/20/08,3,6,9,27,28,36
08/16/08,12,16,19,32,42,49
08/13/08,1,16,28,29,39,45
08/09/08,1,34,37,39,40,42
08/06/08,10,18,22,26,34,38
08/02/08,2,9,26,44,47,49
07/30/08,3,10,21,26,38,43
07/26/08,2,6,20,23,38,45
07/23/08,7,9,25,35,40,48
07/19/08,10,20,28,36,40,46
07/16/08,3,10,16,17,25,39
07/12/08,15,18,19,21,24,35
07/09/08,2,25,28,40,45,46
07/05/08,2,7,8,32,43,49
07/02/08,12,18,19,35,42,43
06/28/08,4,16,20,23,28,44
06/25/08,1,23,29,34,37,45
06/21/08,6,7,14,16,17,27
06/18/08,2,12,31,40,44,45
06/14/08,6,9,14,18,42,44
06/11/08,2,24,33,35,44,48
06/07/08,27,29,33,36,46,48
06/04/08,5,21,25,32,33,41
05/31/08,2,9,11,22,34,35
05/28/08,3,4,22,23,26,28
05/24/08,3,16,22,39,42,49
05/21/08,3,4,7,19,28,32
05/17/08,5,21,35,38,47,48
05/14/08,9,20,22,28,35,42
05/10/08,13,15,17,26,34,48
05/07/08,13,22,29,33,46,49
05/03/08,3,6,15,27,40,44
04/30/08,3,6,19,23,39,43
04/26/08,1,2,18,38,42,45
04/23/08,12,24,25,29,41,45
04/19/08,5,27,30,32,46,49
04/16/08,13,25,34,35,47,48
04/12/08,1,13,23,35,38,42
04/09/08,20,21,22,29,39,41
04/05/08,16,18,21,27,36,43
04/02/08,2,5,8,20,21,33
03/29/08,4,7,10,12,26,33
03/26/08,1,6,15,27,33,40
03/22/08,5,6,10,25,36,38
03/19/08,23,40,41,42,44,45
03/15/08,3,9,11,19,30,39
03/12/08,3,11,22,29,41,44
03/08/08,11,12,13,16,46,48
03/05/08,17,20,33,35,37,40
03/01/08,3,7,9,28,31,43
02/27/08,2,4,17,33,36,45
02/23/08,4,14,20,31,32,42
02/20/08,1,6,8,38,39,40
02/16/08,19,29,33,35,44,49
02/13/08,14,24,26,29,41,46
02/09/08,3,17,26,33,39,46
02/06/08,2,4,11,30,34,47
02/02/08,7,11,13,34,46,47
01/30/08,1,20,21,23,40,41
01/26/08,1,5,11,37,44,47
01/23/08,6,10,13,20,32,37
01/19/08,13,18,22,29,37,49
01/16/08,7,15,34,39,41,49
01/12/08,3,10,32,43,44,46
01/09/08,5,22,25,30,45,46
01/05/08,3,22,25,36,39,40
01/02/08,4,6,7,16,32,45
12/30/09,5,9,23,30,34,36
12/26/09,5,14,34,38,40,43
12/23/09,1,5,9,11,22,38
12/19/09,12,15,19,41,42,49
12/16/09,4,22,23,46,48,49
12/12/09,16,20,26,31,38,49
12/09/09,1,15,17,26,28,38
12/05/09,8,10,14,22,28,29
12/02/09,2,4,24,25,47,48
11/28/09,17,26,27,28,33,49
11/25/09,5,10,16,19,33,47
11/21/09,18,25,35,43,46,47
11/18/09,2,4,13,24,30,42
11/14/09,1,9,19,25,31,41
11/11/09,1,19,23,24,25,43
11/07/09,12,15,18,25,29,32
11/04/09,2,7,8,18,20,37
10/31/09,5,24,31,34,35,44
10/28/09,18,26,32,34,43,44
10/24/09,5,13,25,34,36,46
10/21/09,2,11,29,32,48,49
10/17/09,8,17,24,34,42,46
10/14/09,4,17,19,22,24,46
10/10/09,5,11,12,22,23,26
10/07/09,2,4,12,24,36,38
10/03/09,14,19,27,32,45,49
09/30/09,4,10,29,33,39,46
09/26/09,5,6,14,18,30,35
09/23/09,4,8,11,12,34,43
09/19/09,1,7,23,29,30,33
09/16/09,6,17,36,41,42,49
09/12/09,3,12,13,36,46,48
09/09/09,3,6,17,27,28,44
09/05/09,12,13,27,32,45,46
09/02/09,4,6,9,30,33,49
08/29/09,9,10,26,29,32,37
08/26/09,4,6,9,29,33,49
08/22/09,15,19,23,38,43,49
08/19/09,5,6,22,23,25,27
08/15/09,5,6,15,31,38,39
08/12/09,7,10,31,32,42,47
08/08/09,11,22,31,32,40,49
08/05/09,2,5,12,31,34,48
08/01/09,13,14,24,31,40,48
07/29/09,3,23,29,37,44,45
07/25/09,10,19,29,32,38,44
07/22/09,8,14,24,36,40,42
07/18/09,2,4,15,39,45,49
07/15/09,3,5,16,26,40,45
07/11/09,9,11,18,23,29,40
07/08/09,12,32,35,36,37,46
07/04/09,1,14,23,27,32,44
07/01/09,2,5,19,26,29,31
06/27/09,5,15,28,31,32,45
06/24/09,13,19,23,33,38,48
06/20/09,4,5,19,28,31,38
06/17/09,4,5,8,15,19,40
06/13/09,1,15,20,30,41,48
06/10/09,9,27,28,40,45,48
06/06/09,11,12,18,21,30,37
06/03/09,5,6,14,30,38,39
05/30/09,1,7,19,21,39,45
05/27/09,3,4,24,26,29,49
05/23/09,7,8,15,24,27,32
05/20/09,4,22,26,29,39,48
05/16/09,16,17,23,27,30,45
05/13/09,6,10,24,28,31,46
05/09/09,14,19,23,31,34,39
05/06/09,1,4,9,20,30,44
05/02/09,8,15,17,22,30,40
04/29/09,8,20,22,29,33,49
04/25/09,1,11,17,29,31,46
04/22/09,10,12,21,38,41,42
04/18/09,4,5,21,33,42,47
04/15/09,6,13,23,34,41,43
04/11/09,5,6,7,11,17,34
04/08/09,2,5,13,24,35,43
04/04/09,17,20,22,37,40,48
04/01/09,4,6,24,32,46,48
03/28/09,6,10,33,39,40,48
03/25/09,9,16,34,42,44,48
03/21/09,14,19,34,37,39,42
03/18/09,11,27,29,33,34,44
03/14/09,4,11,13,16,41,45
03/11/09,2,18,20,23,24,48
03/07/09,8,12,14,22,29,49
03/04/09,7,15,23,25,27,40
02/28/09,2,8,26,46,48,49
02/25/09,5,11,26,31,36,39
02/21/09,11,20,33,34,37,39
02/18/09,11,17,34,37,41,49
02/14/09,16,25,29,37,45,49
02/11/09,1,6,17,19,41,42
02/07/09,14,20,24,30,34,37
02/04/09,15,16,22,31,43,44
01/31/09,14,15,20,28,34,39
01/28/09,1,6,20,22,24,46
01/24/09,9,13,20,29,45,46
01/21/09,8,32,34,39,43,48
01/17/09,8,12,20,28,39,47
01/14/09,20,35,36,37,39,49
01/10/09,11,17,18,25,27,34
01/07/09,10,13,19,35,39,41
01/03/09,4,13,17,25,36,48
12/29/10,6,11,19,21,39,49
12/25/10,2,12,23,26,27,31
12/22/10,3,5,10,11,35,45
12/18/10,5,7,13,33,37,39
12/15/10,1,5,8,11,29,33
12/11/10,2,7,13,17,27,41
12/08/10,1,6,7,8,22,46
12/04/10,9,12,16,24,25,38
12/01/10,2,11,12,29,40,42
11/27/10,4,13,23,24,37,47
11/24/10,5,11,26,28,35,46
11/20/10,1,10,13,23,41,43
11/17/10,3,12,14,16,29,38
11/13/10,5,15,27,35,38,47
11/10/10,4,5,17,30,36,38
11/06/10,2,20,29,33,40,44
11/03/10,10,11,16,19,28,40
10/30/10,10,15,24,29,35,38
10/27/10,2,16,20,23,33,43
10/23/10,2,13,21,22,40,44
10/20/10,9,10,14,15,19,29
10/16/10,20,28,32,36,42,46
10/13/10,2,3,23,29,34,36
10/09/10,1,8,15,36,38,49
10/06/10,10,20,24,32,37,47
10/02/10,7,13,18,23,26,27
09/29/10,1,7,19,31,35,44
09/25/10,7,11,15,30,31,45
09/22/10,13,19,29,30,33,49
09/18/10,1,14,17,19,40,42
09/15/10,6,11,21,26,34,41
09/11/10,3,9,11,13,27,45
09/08/10,4,6,11,45,46,47
09/04/10,11,13,17,18,20,45
09/01/10,13,32,35,39,46,48
08/28/10,1,4,7,25,30,45
08/25/10,5,8,20,26,31,36
08/21/10,7,10,15,26,36,41
08/18/10,3,7,12,25,28,37
08/14/10,9,20,22,23,26,44
08/11/10,3,10,12,20,26,27
08/07/10,10,14,18,41,42,47
08/04/10,5,8,13,22,35,40
07/31/10,1,35,38,40,47,48
07/28/10,2,15,27,30,34,36
07/24/10,3,6,26,32,43,49
07/21/10,13,14,15,17,28,36
07/17/10,24,26,28,37,43,48
07/14/10,4,17,20,31,36,40
07/10/10,13,14,16,28,34,42
07/07/10,3,8,18,34,44,49
07/03/10,9,12,19,29,38,47
06/30/10,4,14,24,26,34,43
06/26/10,1,10,16,25,36,38
06/23/10,16,18,21,36,46,48
06/19/10,11,18,27,29,32,39
06/16/10,2,5,9,20,25,32
06/12/10,3,11,14,20,41,47
06/09/10,12,13,25,30,37,41
06/05/10,30,31,32,34,36,49
06/02/10,15,19,30,31,34,37
05/29/10,18,32,40,41,47,49
05/26/10,12,13,33,43,46,49
05/22/10,7,8,19,23,30,46
05/19/10,27,28,35,40,43,48
05/15/10,3,5,8,15,33,35
05/12/10,8,9,20,26,28,29
05/08/10,4,10,21,39,45,48
05/05/10,12,13,15,31,47,49
05/01/10,4,7,10,22,25,33
04/28/10,6,24,27,34,36,42
04/24/10,3,10,14,36,38,40
04/21/10,12,19,22,36,40,46
04/17/10,4,11,12,25,42,43
04/14/10,9,12,20,28,33,46
04/10/10,7,9,23,25,27,41
04/07/10,3,10,13,22,34,43
04/03/10,1,2,13,17,24,39
03/31/10,27,28,33,37,48,49
03/27/10,2,4,9,22,43,44
03/24/10,5,19,27,32,44,46
03/20/10,9,11,15,34,35,42
03/17/10,5,6,21,38,42,45
03/13/10,3,13,15,28,41,47
03/10/10,8,12,28,30,38,48
03/06/10,7,9,14,24,25,44
03/03/10,10,19,23,24,33,38
02/27/10,4,6,14,23,25,36
02/24/10,4,13,18,21,22,42
02/20/10,13,15,18,20,23,26
02/17/10,14,16,34,41,45,49
02/13/10,1,9,23,28,37,39
02/10/10,13,24,30,32,37,48
02/06/10,4,12,14,15,21,23
02/03/10,9,24,29,35,37,40
01/30/10,2,31,32,34,40,49
01/27/10,14,17,19,21,40,42
01/23/10,29,35,36,38,41,43
01/20/10,13,17,25,40,45,47
01/16/10,12,21,25,30,41,43
01/13/10,26,28,30,39,40,48
01/09/10,7,9,10,27,28,40
01/06/10,10,12,15,23,26,44
01/02/10,16,22,25,33,39,48
12/31/11,2,11,21,28,31,44
12/28/11,1,22,28,38,47,48
12/24/11,1,18,25,26,36,39
12/21/11,12,16,19,34,41,47
12/17/11,3,5,24,27,38,46
12/14/11,13,20,22,29,32,33
12/10/11,3,7,15,35,36,40
12/07/11,6,8,24,27,31,41
12/03/11,8,24,34,38,41,42
11/30/11,12,15,23,36,43,47
11/26/11,2,18,23,35,47,48
11/23/11,10,13,15,30,34,44
11/19/11,3,4,14,18,28,31
11/16/11,15,25,28,32,35,42
11/12/11,3,4,20,34,39,48
11/09/11,12,30,36,37,40,48
11/05/11,14,18,22,34,36,43
11/02/11,3,22,32,40,45,48
10/29/11,5,8,13,16,40,49
10/26/11,1,2,38,39,40,49
10/22/11,8,18,20,30,32,46
10/19/11,9,14,17,20,44,45
10/15/11,14,24,27,36,39,42
10/12/11,6,7,12,20,38,40
10/08/11,7,13,14,16,22,48
10/05/11,7,10,13,19,26,29
10/01/11,8,15,24,25,30,35
09/28/11,2,14,29,32,41,44
09/24/11,3,8,15,16,20,46
09/21/11,1,23,30,38,45,48
09/17/11,15,17,19,23,27,38
09/14/11,12,26,28,31,33,45
09/10/11,17,18,25,31,42,49
09/07/11,10,15,29,32,34,40
09/03/11,14,15,25,32,41,42
08/31/11,11,16,25,35,38,41
08/27/11,11,14,19,20,21,47
08/24/11,12,15,18,29,33,46
08/20/11,6,11,18,20,21,34
08/17/11,7,18,23,24,27,32
08/13/11,28,35,42,45,46,49
08/10/11,9,18,24,27,29,43
08/06/11,9,21,28,31,34,37
08/03/11,6,17,21,28,31,38
07/30/11,6,7,10,19,21,45
07/27/11,2,3,15,23,41,46
07/23/11,3,5,11,23,33,34
07/20/11,2,21,23,30,34,42
07/16/11,2,12,23,35,39,49
07/13/11,2,8,28,29,34,44
07/09/11,4,7,23,31,33,36
07/06/11,14,25,31,36,44,47
07/02/11,2,16,30,41,44,48
06/29/11,3,15,23,33,39,47
06/25/11,4,17,23,31,45,48
06/22/11,5,7,16,27,37,49
06/18/11,4,9,14,21,34,45
06/15/11,2,4,22,25,28,31
06/11/11,6,7,8,9,20,28
06/08/11,7,10,21,22,38,39
06/04/11,19,20,27,29,33,45
06/01/11,18,23,27,44,46,47
05/28/11,11,13,17,21,43,49
05/25/11,5,32,37,38,39,42
05/21/11,7,8,17,22,24,30
05/18/11,1,39,42,45,48,49
05/14/11,12,29,30,36,39,45
05/11/11,14,20,30,34,37,45
05/07/11,2,23,24,27,36,48
05/04/11,8,9,26,39,46,47
04/30/11,1,6,7,24,30,48
04/27/11,3,8,31,42,44,48
04/23/11,1,8,18,27,35,45
04/20/11,12,15,33,34,38,43
04/16/11,5,7,11,12,33,39
04/13/11,3,8,15,20,26,45
04/09/11,17,23,24,40,45,48
04/06/11,1,3,23,26,35,38
04/02/11,16,21,26,28,45,46
03/30/11,8,15,17,29,36,44
03/26/11,4,6,21,22,42,43
03/23/11,5,10,11,21,24,43
03/19/11,7,25,28,31,36,45
03/16/11,1,3,15,19,36,37
03/12/11,6,9,17,23,26,36
03/09/11,4,7,18,21,41,46
03/05/11,19,21,27,33,36,38
03/02/11,27,28,31,41,42,43
02/26/11,3,16,17,31,33,46
02/23/11,5,6,15,24,35,48
02/19/11,10,16,20,26,34,48
02/16/11,10,15,29,30,44,45
02/12/11,3,15,22,31,43,47
02/09/11,17,19,21,33,34,46
02/05/11,20,25,32,39,40,44
02/02/11,4,11,18,27,28,46
01/29/11,3,4,16,35,40,44
01/26/11,4,6,22,24,31,40
01/22/11,4,5,9,12,33,36
01/19/11,7,13,18,21,23,24
01/15/11,10,15,35,42,44,47
01/12/11,4,9,15,27,28,46
01/08/11,5,6,11,16,24,40
01/05/11,1,3,8,12,32,47
01/01/11,8,15,39,44,45,49
12/29/12,1,26,33,36,45,48
12/26/12,3,5,26,27,37,39
12/22/12,8,10,14,16,18,35
12/19/12,1,13,16,30,33,48
12/15/12,11,22,36,37,43,48
12/12/12,6,7,24,27,28,46
12/08/12,2,12,22,42,43,46
12/05/12,4,26,34,38,41,46
12/01/12,7,22,28,32,34,38
11/28/12,3,6,13,29,36,38
11/24/12,6,32,35,36,40,45
11/21/12,10,16,21,31,33,36
11/17/12,3,4,20,31,41,48
11/14/12,15,20,29,36,38,42
11/10/12,6,22,23,41,44,49
11/07/12,20,36,42,43,45,48
11/03/12,9,22,34,35,46,47
10/31/12,4,8,17,23,34,47
10/27/12,11,15,16,17,31,40
10/24/12,9,10,11,24,34,42
10/20/12,13,14,21,24,32,35
10/17/12,4,20,22,23,42,44
10/13/12,6,14,26,27,34,46
10/10/12,8,22,37,40,41,44
10/06/12,20,24,27,40,44,45
10/03/12,5,15,20,25,28,33
09/29/12,2,7,18,20,41,48
09/26/12,2,5,9,13,22,38
09/22/12,4,19,22,24,32,33
09/19/12,7,9,18,22,28,38
09/15/12,9,10,12,19,24,31
09/12/12,3,29,33,36,39,45
09/08/12,1,4,6,24,26,29
09/05/12,15,21,23,26,28,48
09/01/12,2,5,20,30,39,45
08/29/12,3,5,8,14,24,34
08/25/12,4,12,17,18,34,44
08/22/12,9,13,19,32,41,49
08/18/12,7,14,15,23,35,37
08/15/12,1,6,12,19,24,31
08/11/12,17,20,22,35,38,48
08/08/12,6,8,18,20,40,42
08/04/12,3,8,23,25,29,47
08/01/12,1,14,17,29,36,37
07/28/12,6,10,22,30,35,49
07/25/12,1,20,27,36,40,42
07/21/12,11,21,35,37,46,47
07/18/12,1,11,12,17,32,40
07/14/12,13,17,22,29,36,45
07/11/12,5,8,14,18,43,49
07/07/12,3,20,27,29,38,44
07/04/12,15,20,22,25,27,41
06/30/12,12,22,31,32,35,47
06/27/12,4,10,19,24,32,35
06/23/12,12,19,28,34,36,41
06/20/12,1,6,10,26,31,38
06/16/12,1,8,19,26,37,44
06/13/12,7,11,15,22,37,44
06/09/12,8,18,29,37,38,44
06/06/12,8,21,22,26,30,39
06/02/12,7,22,27,29,33,39
05/30/12,2,21,36,37,45,47
05/26/12,23,31,33,38,46,49
05/23/12,2,3,7,13,32,40
05/19/12,14,17,21,27,37,46
05/16/12,2,3,12,15,19,49
05/12/12,4,5,10,34,37,45
05/09/12,2,6,15,19,24,38
05/05/12,5,6,30,32,45,46
05/02/12,18,19,33,40,44,47
04/28/12,9,21,22,42,44,48
04/25/12,15,18,26,33,36,39
04/21/12,2,8,10,20,28,38
04/18/12,6,10,11,16,32,36
04/14/12,14,16,18,20,26,47
04/11/12,1,2,16,24,36,49
04/07/12,2,13,16,32,39,44
04/04/12,18,23,25,26,45,48
03/31/12,33,35,36,39,48,49
03/28/12,5,10,12,18,25,45
03/24/12,11,20,23,28,40,45
03/21/12,23,27,32,37,38,45
03/17/12,1,2,9,15,17,37
03/14/12,6,9,11,12,19,20
03/10/12,4,17,25,26,39,49
03/07/12,5,7,39,41,45,46
03/03/12,9,19,20,31,41,45
02/29/12,5,6,8,9,11,40
02/25/12,2,22,30,33,35,42
02/22/12,1,12,22,35,42,44
02/18/12,4,12,14,21,22,37
02/15/12,3,19,21,41,43,47
02/11/12,6,13,19,32,43,44
02/08/12,7,22,23,26,40,48
02/04/12,8,10,12,22,26,28
02/01/12,2,7,9,18,23,38
01/28/12,5,6,17,39,44,48
01/25/12,2,12,20,35,41,49
01/21/12,9,11,31,34,48,49
01/18/12,4,7,10,27,37,49
01/14/12,1,3,7,11,38,40
01/11/12,9,10,11,18,39,45
01/07/12,6,8,11,25,28,45
01/04/12,1,8,11,21,24,41
12/28/13,13,20,23,34,38,46
12/25/13,4,18,23,32,34,47
12/21/13,1,2,10,19,22,44
12/18/13,2,4,16,20,25,46
12/14/13,13,18,19,20,35,40
12/11/13,4,15,28,31,37,44
12/07/13,2,8,11,15,24,27
12/04/13,10,12,16,23,41,42
11/30/13,2,18,22,25,37,39
11/27/13,8,9,15,23,40,48
11/23/13,3,5,13,16,44,48
11/20/13,20,26,35,37,46,48
11/16/13,9,12,17,20,21,37
11/13/13,3,8,15,17,29,33
11/09/13,4,8,30,43,46,48
11/06/13,21,26,32,34,36,39
11/02/13,9,12,13,26,35,43
10/30/13,4,9,24,41,47,48
10/26/13,3,5,16,20,27,45
10/23/13,6,12,14,20,21,26
10/19/13,3,4,6,23,33,44
10/16/13,3,10,17,18,19,23
10/12/13,7,12,20,22,26,35
10/09/13,18,22,24,30,43,48
10/05/13,2,12,18,26,35,36
10/02/13,2,10,16,36,40,45
09/28/13,8,16,18,26,28,37
09/25/13,5,19,22,29,31,32
09/21/13,7,19,21,29,31,36
09/18/13,13,22,23,31,35,45
09/14/13,6,26,41,42,47,48
09/11/13,13,21,22,26,35,40
09/07/13,2,4,15,29,32,40
09/04/13,2,7,12,21,25,47
08/31/13,5,6,24,29,35,39
08/28/13,13,17,19,22,28,46
08/24/13,2,8,32,36,47,49
08/21/13,4,12,28,31,39,46
08/17/13,1,6,13,29,37,39
08/14/13,14,20,28,31,44,49
08/10/13,8,23,25,32,33,48
08/07/13,19,21,29,32,34,47
08/03/13,2,3,9,17,29,40
07/31/13,5,15,30,42,46,49
07/27/13,3,15,17,20,27,43
07/24/13,2,5,12,22,44,48
07/20/13,3,20,24,26,37,47
07/17/13,11,12,16,29,38,43
07/13/13,2,11,14,22,41,42
07/10/13,7,8,11,19,25,46
07/06/13,21,23,24,33,38,44
07/03/13,16,17,19,22,40,43
06/29/13,4,11,12,14,25,37
06/26/13,1,3,23,33,40,48
06/22/13,3,4,5,12,23,33
06/19/13,8,23,25,28,34,39
06/15/13,5,8,13,14,17,30
06/12/13,4,8,16,25,33,36
06/08/13,8,11,19,42,46,47
06/05/13,5,15,19,31,42,47
06/01/13,2,7,24,37,38,40
05/29/13,21,28,34,35,48,49
05/25/13,9,17,32,41,42,44
05/22/13,1,20,24,33,37,43
05/18/13,5,24,26,28,33,45
05/15/13,11,14,21,24,25,43
05/11/13,2,10,16,21,24,49
05/08/13,12,21,23,24,38,46
05/04/13,8,9,13,22,35,36
05/01/13,1,2,32,33,38,49
04/27/13,9,28,35,36,48,49
04/24/13,10,20,30,38,41,44
04/20/13,1,10,11,19,21,41
04/17/13,18,25,26,41,45,49
04/13/13,2,10,17,19,44,47
04/10/13,1,9,12,29,30,42
04/06/13,11,19,27,28,30,39
04/03/13,20,26,27,32,36,46
03/30/13,26,30,34,35,38,41
03/27/13,2,8,11,26,27,33
03/23/13,1,2,7,10,33,38
03/20/13,9,14,24,43,45,46
03/16/13,4,14,16,25,45,47
03/13/13,1,4,11,16,26,46
03/09/13,15,18,24,28,29,49
03/06/13,1,5,14,27,30,41
03/02/13,6,29,31,33,40,43
02/27/13,11,15,19,25,34,39
02/23/13,4,12,19,21,26,41
02/20/13,23,31,41,45,46,49
02/16/13,3,5,13,33,34,44
02/13/13,17,18,21,25,35,47
02/09/13,7,17,30,33,42,49
02/06/13,4,18,23,25,39,43
02/02/13,4,15,22,27,29,31
01/30/13,1,14,21,23,29,46
01/26/13,23,27,35,40,43,44
01/23/13,2,5,16,25,30,40
01/19/13,1,4,6,13,20,44
01/16/13,14,21,27,34,37,38
01/12/13,6,16,29,30,33,36
01/09/13,14,17,33,34,43,44
01/05/13,24,29,34,36,41,42
01/02/13,10,14,15,39,43,49
12/31/14,6,7,8,29,35,45
12/27/14,7,22,26,27,42,47
12/24/14,1,3,21,24,31,46
12/20/14,9,17,22,35,38,43
12/17/14,2,5,15,20,38,39
12/13/14,14,23,25,31,33,38
12/10/14,1,2,7,16,27,30
12/06/14,15,17,18,19,34,44
12/03/14,1,3,4,24,28,36
11/29/14,9,20,24,26,43,47
11/26/14,5,10,11,12,32,33
11/22/14,5,7,20,24,37,49
11/19/14,5,7,20,25,36,46
11/15/14,1,3,23,35,41,46
11/12/14,2,17,20,41,42,44
11/08/14,3,9,10,28,34,40
11/05/14,23,29,31,38,40,42
11/01/14,3,5,26,37,39,45
10/29/14,6,25,29,34,39,44
10/25/14,10,20,23,31,33,45
10/22/14,10,13,24,29,31,32
10/18/14,6,30,35,37,41,43
10/15/14,4,11,14,25,30,36
10/11/14,3,4,6,17,30,34
10/08/14,9,12,15,17,42,49
10/04/14,8,13,27,35,45,49
10/01/14,17,21,27,37,48,49
09/27/14,2,18,22,27,44,45
09/24/14,15,28,34,40,41,43
09/20/14,4,10,20,23,27,45
09/17/14,3,8,10,19,31,33
09/13/14,2,7,17,31,39,43
09/10/14,7,11,13,15,20,44
09/06/14,4,6,17,28,35,46
09/03/14,5,13,15,22,45,47
08/30/14,3,24,25,33,40,48
08/27/14,20,21,34,42,44,45
08/23/14,10,17,24,28,31,46
08/20/14,7,8,10,20,30,31
08/16/14,9,18,41,42,48,49
08/13/14,8,16,21,39,44,45
08/09/14,2,12,30,32,37,40
08/06/14,8,10,11,21,24,44
08/02/14,4,10,14,19,36,41
07/30/14,13,24,25,29,43,45
07/26/14,6,16,18,30,37,39
07/23/14,20,29,33,35,38,43
07/19/14,18,30,38,43,46,47
07/16/14,1,20,25,27,37,46
07/12/14,2,3,7,14,41,42
07/09/14,20,25,28,31,37,41
07/05/14,11,19,30,33,38,41
07/02/14,13,20,27,28,47,49
06/28/14,10,28,32,37,43,46
06/25/14,1,10,24,28,39,45
06/21/14,13,20,26,27,31,39
06/18/14,15,21,22,28,38,45
06/14/14,7,15,25,38,44,47
06/11/14,4,27,33,38,41,46
06/07/14,3,24,28,40,43,48
06/04/14,7,11,12,13,35,41
05/31/14,19,28,30,32,37,45
05/28/14,13,23,28,31,34,38
05/24/14,5,9,37,43,46,48
05/21/14,23,34,43,44,47,49
05/17/14,24,33,35,40,43,49
05/14/14,2,25,27,28,31,47
05/10/14,16,23,33,36,48,49
05/07/14,4,7,12,20,40,49
05/03/14,1,7,11,17,27,47
04/30/14,3,9,25,32,35,45
04/26/14,3,11,12,19,21,29
04/23/14,22,25,35,40,45,46
04/19/14,6,15,40,41,42,44
04/16/14,3,16,26,40,41,49
04/12/14,2,7,35,36,42,45
04/09/14,8,12,20,27,32,43
04/05/14,13,16,17,23,27,37
04/02/14,9,11,32,36,38,40
03/29/14,15,22,25,26,42,43
03/26/14,2,18,35,42,45,47
03/22/14,3,6,12,14,25,28
03/19/14,13,24,28,34,45,49
03/15/14,2,7,11,16,47,48
03/12/14,6,12,14,17,30,49
03/08/14,11,16,18,33,34,35
03/05/14,7,26,31,38,46,47
03/01/14,3,8,16,23,34,44
02/26/14,24,25,26,30,34,39
02/22/14,9,13,19,22,33,34
02/19/14,2,7,15,24,37,45
02/15/14,1,8,37,39,44,45
02/12/14,3,12,16,20,28,31
02/08/14,2,5,16,36,41,43
02/05/14,3,16,18,21,28,47
02/01/14,10,14,18,27,31,48
01/29/14,17,29,36,39,46,49
01/25/14,6,15,22,23,41,43
01/22/14,4,16,18,25,36,40
01/18/14,2,15,33,36,42,49
01/15/14,2,15,25,27,38,46
01/11/14,3,11,15,21,23,33
01/08/14,1,12,17,22,29,44
01/04/14,1,15,21,22,38,39
01/01/14,4,6,7,11,12,40
12/30/15,17,19,21,30,39,44
12/26/15,12,16,22,29,35,40
12/23/15,5,9,17,31,38,46
12/19/15,4,15,20,23,27,49
12/16/15,7,20,33,36,39,48
12/12/15,2,10,18,20,30,41
12/09/15,4,20,26,37,45,46
12/05/15,10,11,17,24,26,29
12/02/15,5,20,33,34,38,48
11/28/15,4,7,13,15,27,28
11/25/15,1,2,3,4,29,48
11/21/15,7,16,28,29,48,49
11/18/15,3,8,25,27,36,38
11/14/15,5,8,23,39,41,48
11/11/15,8,13,20,24,37,42
11/07/15,2,3,9,17,20,21
11/04/15,2,4,20,35,39,42
10/31/15,3,14,20,28,40,44
10/28/15,8,9,15,26,37,48
10/24/15,1,13,28,34,37,45
10/21/15,8,17,22,33,40,49
10/17/15,4,5,6,22,29,30
10/14/15,23,31,32,34,35,44
10/10/15,8,12,22,27,35,41
10/07/15,4,10,19,31,38,43
10/03/15,1,3,15,27,31,36
09/30/15,1,6,8,13,21,26
09/26/15,6,13,14,24,32,34
09/23/15,7,13,19,35,42,44
09/19/15,12,15,17,21,25,32
09/16/15,1,2,9,12,21,39
09/12/15,9,10,26,29,38,42
09/09/15,15,16,29,30,42,44
09/05/15,10,21,36,37,42,48
09/02/15,14,16,23,28,46,48
08/29/15,13,30,36,40,42,46
08/26/15,5,7,24,45,46,49
08/22/15,14,22,31,37,43,49
08/19/15,8,12,25,38,45,48
08/15/15,5,11,20,26,29,36
08/12/15,20,24,27,28,38,48
08/08/15,21,26,30,31,32,48
08/05/15,8,23,29,34,35,48
08/01/15,1,4,7,9,12,37
07/29/15,1,8,29,31,35,39
07/25/15,16,28,41,43,47,49
07/22/15,6,9,13,26,27,46
07/18/15,2,12,22,28,41,48
07/15/15,11,18,38,40,43,46
07/11/15,9,20,25,27,31,32
07/08/15,3,8,41,43,46,47
07/04/15,20,22,23,24,39,41
07/01/15,21,29,32,40,43,44
06/27/15,7,15,27,31,35,44
06/24/15,9,13,15,18,21,46
06/20/15,10,11,30,33,41,44
06/17/15,6,7,17,18,20,32
06/13/15,5,8,21,31,40,45
06/10/15,26,37,40,43,44,45
06/06/15,8,12,22,35,38,44
06/03/15,26,28,33,35,37,46
05/30/15,4,9,17,27,36,49
05/27/15,23,27,36,41,43,47
05/23/15,8,23,24,31,35,44
05/20/15,2,4,12,17,18,47
05/16/15,1,12,22,25,35,45
05/13/15,3,16,24,40,41,48
05/09/15,1,16,21,22,33,43
05/06/15,13,16,19,24,27,30
05/02/15,2,8,17,23,40,42
04/29/15,10,21,34,37,45,49
04/25/15,7,13,23,25,40,41
04/22/15,4,24,27,35,38,48
04/18/15,11,25,33,35,44,49
04/15/15,11,13,25,34,41,45
04/11/15,5,8,22,23,27,37
04/08/15,2,4,14,16,18,19
04/04/15,2,9,32,33,35,49
04/01/15,4,7,12,16,22,24
03/28/15,12,15,21,23,40,48
03/25/15,6,14,16,29,38,46
03/21/15,8,22,29,32,33,35
03/18/15,16,17,37,39,41,45
03/14/15,9,19,38,40,45,47
03/11/15,7,9,21,40,44,45
03/07/15,4,10,15,18,26,41
03/04/15,2,10,14,19,28,33
02/28/15,5,14,39,42,46,49
02/25/15,15,17,25,29,30,35
02/21/15,3,4,9,14,23,48
02/18/15,3,6,11,15,20,37
02/14/15,9,10,15,18,21,37
02/11/15,1,13,24,29,43,49
02/07/15,14,16,24,41,42,48
02/04/15,6,8,10,22,30,43
01/31/15,9,13,18,20,24,36
01/28/15,3,4,5,8,33,38
01/24/15,2,8,9,11,21,39
01/21/15,3,15,17,35,44,46
01/17/15,9,15,21,27,35,40
01/14/15,15,16,17,28,33,44
01/10/15,1,11,23,25,27,30
01/07/15,10,16,31,36,38,47
01/03/15,12,21,28,37,40,43
